0,$f7c0c98518678095f44eefe61e98b8b8533bf0c43faf2339ed1312bb8dcffbaf$xiuxqoowmg
1,$a5a5e08ded0ff681a475134b57edccf4ceef6a3fdb59e2a513f9eeee4bb4b538$nmjnfndwtm
2,$7d96f616c38363043fef278c55fa60b87a9a84466edb4771f9a5932e3242f52f$cageoyymyn
3,$395e933bdf59c713c5fe58388efafb03d2d5028fe7377b1e5e5a6713ae3ca487$aevupliqmz
4,$3bc47baea2bfe0fbd37a7f094584b09e08ec5d54e11e224e3b3677ff3a3b3fe4$qhmjzkuafp
5,$cc5bca40bc15fb79ce2ae8a37d475ed4c5ee86a446b912e12843aaabeb1f678d$schdbeiynr
6,$31d1e3a62810bb1d1d80b1b0def997f408efca66fe963093325ece50796655f7$enpenixuai
7,$38d2cd497425e5c90f9bcb87de6f587aa7d9e1f3119612ac31e7fc6490cc227b$ceplqvovcv
8,$d44819d8c90e6259b9c6bfd9b4c5b4c569944a9ddb3494cce50efed2cbdc4d4a$mdjklbdtpy
9,$288b17143fe4b51faa67abda462bb76f84f094b4ac9b38afc980d19bf064a44b$cowxorqdue
10,$022241f254d90cd40887314e10a08e9f3988eaf629a6b08825e5b45c85e20a65$dwuptvauzx
11,$a0bf10ef9527fafcfe3f3ea59c7ae760f237900bd998aa34b871db505adde676$esdubeuibm
12,$8e7050dfeea6b477b241087998934287dc8a20b30927af8e5a1af70a7a57f128$plocjmkalm
13,$a484256068a6e0d43f2fefcf88f2148495f7e706c6c43a0dc0d98f290d0d3fe3$wrtxmthepe
14,$53a8f76ad9b2eb2149dd8b00bedd86db843e9bfcf408e811316cae91991f7e44$iaannznsog
15,$d0ab75b7a7a0fb9d1f5bccadb1d6cc596aef75344736fc74e2e8472b293b1bf1$iwlqruxkga
16,$03b73301379de18cf11f0feac151e4ae712fac3f6276bed9496f6f351dc5761a$sfvlbinyfv
17,$2f2c28aecbfefd326975ea22a0fdc9193f27278c2813057045ac1b51c903a127$ceojpmgijt
18,$8136dad14b342f418b77ffe4a9890083196997e18ec323cb1a0fa1d6d6f93f9d$hvbuepgfnd
19,$33d4a694b36b3ca004e0f469115f184a1397ef590b3b3c1a5e5da5a5dd176808$qqcloqofgn
20,$f260a771372876f401184d881e31e892014b7f87332392e4a5bb7472bca0f1c6$efzgwxbqpn
21,$b81e435e70b1cd981d0cf7a6f0c8ff8b30bd00fa994e0a989d40a05d49c32aac$osnzeeoulk
22,$adf7574e9f53e185052bbb171b50896a05805872f1e9149f5306d738cd4aa0af$ccyfkemmhg
23,$1a8b3030f4917620f52a80c0a2b764295405cfa8e4f84a655e19fedd338eaa80$gdwxksyfcr
24,$4c9013e528ade1f71a76c33e81205c648e8f22f9fb453fbd5557ad32b2041093$asqkqpwvdz
25,$d7e61e879aa36dd22fc59d4d45ded1382cc4402eb83253babda421b486441cdd$blxztixhis
26,$6d09723959ca088ace8de04ceb13fb78d906165514402d14171aa1045b8a8d9f$fdzqhovkbc
27,$31d255b3460dfb44c5caa62c538d8a950a4fe5a2833ec20e69c6537afa344e83$kwayjtppif
28,$cf4178f2a9a6968c401c04621e7f68930037f0da64c7096baf90d00fead591e7$hqgdgerqen
29,$0a01848ec8f671dd0dde36d7f8f00743257ef36f578f6c211b1088f113be6b75$bfzripyefw
30,$02ac2b01c473d4e66548e62db34f412c2bbae288f157a0555deeff6315535b88$krfaihwtfo
31,$9fd62ba1d1f778f7f1160f6c39edbf8437be76b6f01019fc78c00b73e1104e42$rzdoktibwa
32,$898e41f83faf3b8ae3811ad94e6471ad42dae279a565b36d064c6b7edcc931b3$rdbpwmdxfg
33,$65a22628b5ca88508cf6ff28f238ca93bdd74291c0214baeb183c9d88bceecfe$pssycvsvgr
34,$653159385cdb997c4c629724906594b41a38c01009a39ed83bbcda696911ed37$aabpdisyen
35,$71931e5c2162ed955a558edca41104865152010a27b6f0d5a141f092645b2a18$snckhzbhow
36,$d1053d7b93583ab4ae47ad2796eb6815be436f837f634789510979272610e0b6$qlicltmdsu
37,$0048785e8adf6b8a8a4b81e769743a2fd839e5e91c5032d814219b8dfb618735$dvtjkkmoih
38,$df936523c77b8ac8bf773c80492d7e5e1706be121744848403fe096b497a8e27$mxdhmcspod
39,$4b821892b6f7c8c26d98f2f49dfb9f78897cd5c11f8ed65d5a2c1504d5588314$crphmwydyw
40,$897ffda83b94557008c4f64edf153596ae43b1c13fcea09a4050fec91eb4968c$ownmlfwlso
41,$4ef5690c03f99b5ace407c1b58661346fcfe171cc9d2d2bf0759c410d9513269$tfovnqqiji
42,$0d3404c7ca7e559a54af71acd342d53ee1c2c0e92446533adf302f3a882c5621$skcmufusll
43,$5d5ee8e860365c69ca79c3c7580194e21cc2d203c816df58cb9ab508ede5135d$rzumpgnbwc
44,$6af950f4c246a8c180684ca4f7c1b96214a07d11baec00755dc3265189d292e9$qahgpivhcz
45,$94170f35f18fdcb2594b86f7683e31c1befd084f4fa8dbd28921a190c8082fa1$xnscnxxgjn
46,$3d01e31ab0551b7f69fafc2f113b52a3c327190f8a96953bf2296671fa364c99$oycvsgtats
47,$4acb3a31649a31d225c2dfda4fe7ef3e14f0c6c834ca83d718c82392b0fc4e3d$xjexahtwaw
48,$140851f20e489a4d4b02704c93e285492f2b09ef74c6f06a24b1a5eb96e3d873$alifmmyfuh
49,$8ef9ac633a3c9e00786ec8fe3a98825d6bb09724fb3e5aa6e11494695cfb1660$ielifhkraz
50,$75bf4adbefb9675b9276abb127ab644ef8a6395ba9b2f5e5b6649241003c3251$ymizsoaxis
51,$21a975ce70dac9ea350b98e671ea8161eb9b44c6e34a4655463c00613dd18256$puznpnomic
52,$5874ee6d89beec56e07054a7337d81e7636f291717bdf6ed8ca1a6766712751d$gpoefjanml
53,$1fd1ff16940d463e10a179de64d2461b05acfa535358224cc9b524364132e73d$qrfgkwkwub
54,$5461199966e0461eb52e22ff01d6843760889fc0c3ac728b8f957bfad3de0b4d$guzqvuvnoo
55,$1445f16dedc001177dc9d86b746cb07323c0bc6c2e34fd8bfa8039030c9411a5$zxzjnhxqkc
56,$f006c7b89b474cf90f6dbce0fbbe4e0123a7d667f983d63ca99ac9d10f8c343b$vmkqyznrsv
57,$afd64e3b2bc4c7755169fdb0dc7148739a8f72eb2dda26eb24b2ae4125d317d9$ratwatxvsy
58,$622435f338126890020809b40a4fd1637e3a0e6c7c4943e4b05c80d96ead0cd4$hauwbcyogi
59,$532765c12e98ff4830538033dd317290e5942fd47063d8f090df1d58020d7032$zmxbilpqtv
60,$abd0d3a9777b87f3a8251fff6e3a8767fd695c929ec260ce8b3479a0655f75c8$eykolpzotk
61,$f1aec210d0689cf025e0d8dc334497e9cebb76959566fffaf218d570ec01ac9c$kejjuhotwg
62,$adc3824dde8567de55699c278f6c85f430f7a81967937e611eec2b04e3365746$hduwizmdwd
63,$f1bf6d2a7d2c5f717fc18bda3e47a15636dfa1f2fe84a9b45d4146bee8b92584$wlmrahbuak
64,$8c6576e75654041b025ac3428944351fd8c2ea2826baba47a6989448dbc2bae2$frpvdfdcrb
65,$642e21b58e8b6b42f44b1d3dd3165d6c29c33f7e86f0ab64585cc4d249d1af73$sysghkpyrp
66,$ff86e255a75e5045191f91e6e6db16ad7f3cb1d046f0f538c366f6e6422e9061$mtcyhnfrei
67,$a33b2155a2acde8792073a6823d273901a343593a7880a1ad8441277dd444413$atqqlyuhsx
68,$a8385721e5746497fae802930c2028adee6a4583a79d2498d210745f93cdd597$handgwnqmr
69,$fa5bd7c855dbbc9f65ed94ee0dc65f143bbaa2a76a2bb0debdb1dcf77c47af84$vgwuonxxui
70,$faddf044e8af816e0a7ba7c3dd997245cbc1436ed475f9effcf5c1d4b1e14724$mwnesppuuc
71,$22ece7c26561c58f6e40e56b1ed8c4e9808a5dcb91dc6da97431043d196aa845$alxurdduye
72,$78596b9ee9d544dbc2897d2a5e593543d8df4fd51de50d472f716dfffea6ce67$mzlydkulth
73,$1240d37466b459c9ce56409fa120d377bae8422fd634e9bc4c9b5d51323a56cc$paeorelpmt
74,$28c1e2528a21ee1a904c1118889ec979a536bdeceda8815c3da0f71d1560c280$yydtzkzlht
75,$1c786fa8e2ee21f599c2c889af4eec4458a8856aa7f947a08ee86b19264445d7$vplnyqttws
76,$f46aedb73b6231c02df4dc4542fe8a03c3fa0bc23fe844ff0e538507d9a5ed68$liaehfzech
77,$a56b8728b5c0b96684cf086214ef3ae0952b789004d11a76a2be6903cc366555$wkxjbapnbv
78,$e5d1d181dba09fe71936b474dba0031cd6d3377da49233dbed2375be64c4b077$ryicvwzozk
79,$ecafd3e6cf74c75bb18f5d054125a5a564aa15e71b6897d7595e45e4b78eb7eb$jerlktfvzh
80,$a7730728f06fd705598957d562ea18799c04c518136b78d2e423666961b41738$nbrygwoqxp
81,$2e9516832e454a77ae4ba9a6e2a330d7298ce117619dd2758c09071e2802bc19$mhddboitwa
82,$57b908e3234d6edc068045b84ad6f31706c46d09bae16ba4a35a55d3990a62e2$iryalzbyqt
83,$84f6e0da20440faede7f5c852a7158914677d5b474a225bc69ec4df860ce023e$ickzdlrypr
84,$c6da3e0d7f56ab9d33bec47ff71e0dce6623ffe6dcf6d5151232d64458adb401$qywkiklwwm
85,$59ab3c3c989fbeb394c1459e77ad8d07a56add15da779da4f6eec586061ccc12$xslzpdkcoo
86,$a9eebf94057e8249539bb5f10fee0dfeb97f9edb40b2fe4db4dc595ca3e5fb12$junlqznwwn
87,$930c4c1cba7b137943a28e0433409a029d87f37d22bb44c0395337b2f49348c2$gidqrtsxwf
88,$81f2e5288e55459618adfb9c786d694d2f1800a2c262fe24c244e15d5cb53545$iwfabfyxar
89,$b957d82d7f30f7b80c95288f7277b58c8fc2b234d8012c878bc3ee42abe1c272$jyvsuzshhd
90,$f856bd8789ebf779a6e58d81a366cff7f66eafc26046e70007e1bdf36d416290$mrcgudoftm
91,$88609fb21cd23be9f50847ead7b558576d26831d5d54ff44fb183d29d713458e$zwohftgqed
92,$7dba0e5a9812e4d115439d0409e309eaee3392f46c2a0d35ef3664c443ef7ef5$rnuuyolbpz
93,$8de7ee19a9d8087e7df3010924457e893406773daec8a558be68a13c727dc49e$wxfvchwjye
94,$42093bb28eb6b6cae0449d8d71d58369165fb1498cb78e9c58973691c68cfa96$uawdhdljjm
95,$4d9fec2c1203220ed049e378a495a8b77df5719de628b34d04489a0a53cbfd12$bwrmrlzesh
96,$cddbd9be910a6af61be64f6ef62289f607c79e3bb9583ae4cd18eb8b522c5da1$mgykoxedoy
97,$2db9066fae5e8542705e7704f3acbfbb6bf0775e23927c5e2e638b67d7424666$pivnjjgfij
98,$4b72a3817cb54ec7b0ef2ea3df5aa8b443a754d8ee27ea07207a47989e71999b$bywwcnrilc
99,$303cde1c9b586d37282bdb076a743173ecc65d67c21f9a0d1cc8ea6e325aaa37$qttqnhxkph
100,$45047001ad5efd73457c6acfe16e3252d4fbfdc7e323f8ea5dc90d3b5de07854$lswqrjymvk
101,$8da56cbcb4e8198e6f2483ee8e78b86fc1d25f3cc17dcd42872c8e60896273c2$luakrkaxjx
102,$87f07917c18f0d93b1e6128e246d2e89edf9a2030101d7f9d474be4e9499c790$jzbxmavuhq
103,$f7c78a8b848b86673792818a3a298d6c4d3a81da7012c6377b4282941ffe6ffd$zmxsqskajm
104,$956732cb5fd479b4fbbaa29b34fddcec9308cc026d484f7c28f7f2248b8cfd15$xnnnfjwqfr
105,$20819725f9cf47c98617b617fe957c571acae28f166fab1e098990c3bd2467b4$chffelzqoc
106,$b7dd1ea335106c5751f387ab5443f5b1a5f42d10778f59f62e57292b5a201a8f$cojdurjcdt
107,$3a981f204b1e9da60d4f5c5ed34cbcfff6eba8d4774018ebdcea6b8ccf04518a$vfsziexjgm
108,$6291729ca146f4e0be140b18cb5f33c02a1383cfdd28001b0c1be28b8503fdf9$msqstzciuf
109,$144a6c4b31a3834719181ff7cca830c5577061dd1675c79d226ff74eeddb5de1$pddlasxgkx
110,$1fc521d88d4bb6458f2b8b66c836460596f2bfd2d21f949a2835ca0f3bd5d147$ucawzzvrlw
111,$a25e545914bfe049a140a098e5ce9da22645d269a4478aa3fc024cec505d3da0$sjpseumlzv
112,$17fd4acc250c907d9aead80cfa697c654a361dbddcc75672099ea1bc63632a19$umnuugcbwj
113,$41d642d84f7ac5deffa64e7d813701db973cb91e14939e32e851a0d6e2e9de8c$vnxaicbczc
114,$9113e6824f831ff25cd1dc6f7c6472a19827bed358b136d61e72d7a57c4365e0$mukguxdxrf
115,$cb8241dc113aa8004d98c94b29a62bc76dd80ec24cf3b976443cfc21f45f334e$nzvwnyqnzu
116,$73551176bfaccf87add0f76736cc762ed43c289b655e56f151ff15730673643f$factwztpzu
117,$f1ffc5bcf6240f8635d0e8db302c72424126a5b29e735faeacfc065b0405549c$axmbeslgfl
118,$480567270c2aef546b668051118026e42feb5b659eb39158b3dc46623f5ce09c$ojsmtnghgh
119,$98a533313e975bea5fddac5aa1daac0ffd5e6b672089dfc46bba9a4092e4ee3b$kmhxfcnvrr
120,$a4e5ce1f24ef72bc1c352877fb97349e8d6949aeddf0f8b3d44b7e69853c6aa3$tkzigycbkh
121,$2daf1d438827c04636489bd68427143f172f1875605ec03ddb4ae347beb32ab6$wluxfhrviw
122,$ceb9950d196d5c43406a3f39c9ac20ef10645a00f3878655d92c1dda1282dff6$gylbooabkl
123,$845f8cd68f8ba31d54494e174cc917608c73dfc8b3a4225f6d9267a72853de6d$bbdkgeyjxk
124,$490a46a26cb3de91ec59b7eb66bcdc4486c8bbe9676e4761ba8f346d581a87c2$avalidhjyz
125,$e80286b93fda0bff069773e58da346f76d8bac0e309bf54cc7543976fabf2850$cpniuefovv
126,$1cb93b8c8bd956892d27c11d854f89bbc58cf9a8075955aab52f5922e60226dc$hibuheepjf
127,$3e587b3e9565579824bfe8804a54c135f94d62907480dbc3fae84ce16b86f51c$jjoflmrfce
128,$ee486f1b0822a1656e3ccaffa3349b4586e0fddeca3b9dbf8966d21260e6dafb$xzschcmgpy
129,$6703d1d9a930dd1f0f76c1a6fc03fef4ac299caa5b1e96e9301d7352a62c3363$iutyfayilf
130,$1866a0d7f1b786261a8e9856c091bb0c706b1b8219cc75491425b9aa21975fdd$vcodeeiwdb
131,$521c0fa86f8729ce24b9f1c09be04976c90e4a22291b1bee1249f368f0ea7a86$ckgrnwkdnc
132,$4ad5ecec7662757da10f6a1d9f25b8db0576c3759d2c416498ca862f66b67627$tjocxkbqvq
133,$85bc277b8ff3de5490ac8fd9accab560038265cdc3b93d38011803389390f63e$qxtkjbwpsu
134,$030732ae20592d162721623be309ead79cc0a739d5f445ce435ee479fbf06d71$nbxwvllgws
135,$5aa356c8745ad897bf04fbafc9e28dc39806f470d25d5415bc7d2b0c4f87b5b8$ugggaktzzd
136,$5a78b7e9c0eb1be1495801a5eb02f5643a7fa0af721e9c8e4f3c3d7e1d58b538$xqpfcxtglj
137,$c0af435c9e9ded96206c21fede08f2c5f97365582d9dedc964b3632e67ca72ef$wkatpdtfcx
138,$4fba8ad71e528081abbd61bbb4c4e9191fb090280ef37503c669ffa712b7a00f$kcgbvplsrn
139,$22f9589b1ff042142e3a375a558f6ca31afb298c52a4e570f3fbe3ae9d147362$xntjusnbhr
140,$b8f9ac9a5101dd20ab720efaab7abf16e1bf8da770d601b772497c26a86e2d5b$ajtdzekduh
141,$478db636f267a604ec1f81c337998b3f97c788fd7e1b3266ba9127d9ce83db40$zfvsiorebv
142,$ed6a3bca4cc058eb3f7ff46e528e89eef855ff24c46de1a940e54aa32d636bfd$xmumjzoipa
143,$9676074a6574133261a9c10ee96819ddeadb7a4b33140b4648cec26773262452$wthnixogzr
144,$61e5ba62c139c920357e1f24231df4e451276cb220b79b0b7548dadd0df6ac45$rjppeolcdi
145,$7b7f62ff2ed43142fd8fdc0b64d9159f03c26edcbdb38a0d5929e01a879a6783$nzdiwkaxpe
146,$92d308090a9762917e2ab72268ffc5594464919da82b0b4f44bce253a9250f25$xtqjjuedod
147,$fa8309b42a5adc4017309adbe8b4bca2d005a83af3b1f726ecf48826697deea8$pglygcojuf
148,$699cd4f9d004b01d4101156f2cbba2608734c31bea5b059599c706b24e6469e6$rrydwjwjlo
149,$8e0cc670441b30c8cd478e12f887b7887738fe94c63f864cd07c67892eb056e4$opzeouusgb
150,$06d1f4e903a03b3ebcee29b73de42c58608edf1c111a9c2fa4124fc8a7b1ad28$abwzwdyjbx
151,$9291f389d7d93faf05e8998e13586e385d76d3c27cbc38b385e105e48bc5fd8d$mqrskilsmq
152,$2e53e9cabadb13d4a28f2a364c7136ab969c97f60c5042db49c0873373dbf273$uceyvfuqrb
153,$3f26e20f59f5f77baafba52217d9593080c865615dda9a6e3abc117e84c4afc3$vsbgerlkio
154,$e76a3dfbab4c50c52a939d2804797cb5cd4e00eab9b297380e0778cb8508daff$fidtkitnor
155,$b80060835660151a4d5c497ac4ef9ac5be0f962f039c5adc07c1f0846dc02e1c$cwgujxhexh
156,$e138d55acdf01452e8d017f01b5296c73e20d20ada18ee7eeb1a91fa5852f59a$ucjkttgjri
157,$6c31804866f2d8e2e6c14db3985ede01174c3a0575fc728e405d55643752e42a$jdquwalsul
158,$c981db646fcb5987558fc7118547421a7047699e6aeb5fb0bb9a647f917baed7$tmfeefsrog
159,$600b8ad59a20a605556af5beca186d2b633ce963354683dff1ebb01bbbf793b6$wsjidprtdu
160,$ca97eabfe39cde975f1e1dbc14c2df6ee440d801430ae78e0b506613f490fda2$tizvmpkslc
161,$49b4478143fe04a5fde188411b1978512d7795282440fd16435d2272ba6800a0$jjnujpycpc
162,$60719c8b1912eb7a924b9c894635085e9fcce51d4e964ca5a4e6bd132bc47319$ukkwlnoklt
163,$5f69a1e4fc69e27b2110d3ee22ac974b4533d9ecdd985fd67706ad462a1c9453$dpqphldbng
164,$6709c6a7a2b018b2faf90cf5dfe0ee402c0ccdd3ccb8f30a23cfd5fd29507745$gtlosegdea
165,$866e8340a0dc100e662cdb042f261c00d878124d2dff624b2dd54dac63992f8a$wlcubpvnjr
166,$bd7038cf5fe281eb94c6ba0d43941116f226506f2d16aac7256ea0fb8c8f72cc$mzomtpfgxm
167,$c0a9b5f7acdcb1117272436ee2c35d69a3cf7c3d579a94f71fe3060359985c30$mnqvblbbjk
168,$26b1d2223468d6b51538d099d1b98dfaf23cb5732ca8c609db6e9098690e1311$crcfkzccsq
169,$5b889e200cdb03717ad87d8451910e44f6d0172b3ffa92f3f4b3414eaf6dc4b1$ggednyxqzj
170,$a08e1b6eb3cdf074a71fb81fefea6a54657a5b04f6702c4b62406ea1d931a566$dhuffkoxte
171,$bee19988cee01d1b82a72777a3a8bf29602a158a4fe6034155b51fef600e458d$ishgjtyivm
172,$93b6eadbb1dee4c08323c88f462b68b938ab8d44b3f36f5e7756ef84a2609a2c$urxdyrjnye
173,$8bd8182573db9867007b72dbd61d9f53cdad2fb16782e0a571ebf5a8de53f49c$zzkbxlgvvz
174,$4f4d3b4c753532eb009b5744e88b9c76fea2fd11e85c0a54969af51b6f2942cd$hxthsjupag
175,$7c2df14da66d1d0f4ffdac30a442068abf028a18de1f4992067192b61507f3aa$qadnhkwwts
176,$2ed1778a5e9c7b9d6c2852d7d5f951978ab5460294ddc405f8e98a8ffff82ef2$eltismuqdh
177,$ae2bd8fc2090f4797880afffc7f09ccfafc322460b97ff32b0e2073d611c283f$zgdnvezlal
178,$878769d436d10cb68c7c85ceda5d9b335d2d6b9ed80fed004433a01d1ea8d260$syysqlbsxg
179,$9b618d6baa29d7e4714eecffb3c7ee4f91947a18d4dbcb60cb2368f93ef1bb2a$qxbtvcmzqf
180,$5ba54587873fbaef90f5541d31f039d3dabc71a665037176c40fb3638767a4dc$veulaxlrik
181,$deaf88785bb7b3f626a64ebe9fc95739311391d31a0a5216fb348eb13ff69ad9$kpifiewxee
182,$75887def817bdf8ab7944546436c8b9ffeec0a1672d1b8fcbf8892b98ffe09a1$kmjxzuodrx
183,$a54044ca4f55458d618f9920e2dd4fa3a692c531e8d30c21d41eee7a2f595250$bodrifjthj
184,$bc8444ebd44d024c57c00eb3772050206cff9a3bb77f119e7584174c5e45e2fc$htflewkodk
185,$c374bd46e32b6640f59fb4531ac08a9be56c7dba5f36b7958b72f1bc9aad39b7$pemllhjlww
186,$1ca37846b6483ee66a5c958e754cf4e44c90cdd41449fe23bbf714eab54dd60f$dizohswfrv
187,$d7a564033f63efd48a46a1574772a1760476734d0633a592daee6c084b0aaf37$grcqgbpklh
188,$78657cddbf541ed5021639518e963ce1a8527edf5348bee3470d6d19cd6d3324$eqcxzdzuoz
189,$dc0e173a9d34940ce3cad728e894dcd8d92b174873cd6bccc059ade8fa0381b1$czzepclkuc
190,$7addc7996079392821bd3d63878e670e88d380d3f999e0c44d766359d6d3a74d$plzcubxzgl
191,$c7f3a749b053a02386537dc1f41eab80220d5268409cb6f30ea43f42effe78d5$tuujsgnifl
192,$03fe26d1b383534f977b1fbbf0a97a0bae9574e0b526ab4371076d374bedf5f0$gzzheigsrl
193,$e5da7ea6f9b19c5f98b0326ae3e4c5b6f7c124a412ac91add5c50732aa6e6a6f$mayokvikbs
194,$7d5c19291862787bee1166aef84ca5086a3ddb722a20c7a4a28419a647e9ce97$cphewupksa
195,$e149b089a307cb67c1a3721692012eeec4f826da0d77b31d5f93163e894bf4c0$hvhmxivkja
196,$036e6bfe1e7877e3ef20634d19ce450236fe808333cb37ce6e178f219f8c2e10$otxvhabaft
197,$f216b6af96693639e2107d6e31d6c1027326880f41ee1ef8d9804ef9fedf350d$cbqquwsscy
198,$741cc07e0607eaa207623fa60e1cfac2cb409a01e38c5eabb30c2027308f491f$pzigzpngqe
199,$0c097b62e4af9f7da6e113fff3930180f4a550290b5d207cb03b8d69e0938f45$ikccodpmgq
200,$660234fa95abaf031deefd74a343de8a836fcf7a0a1133cfc7dfe959cdc7d467$palniqeobm
201,$241eb9ff73df98070804c070e521522d5a1432ba82226b3058da2217c224c9f7$miwukbmxqx
202,$0ab0bea92ff5dfe35855d67fddc2d6e0952ab2b2f00ae09906c571d16162a462$uyavmczemh
203,$ff03ede098e7c7bb6955aadfa02ba5e681e578ecf58d268d6ffb3cf986f149cd$jyyhgxomqy
204,$d586cb6788d442442a10b41cb454ac8175f9d7b95a75c52a04f1bb9c4ce7b0fb$iohsymbcic
205,$b196bea9943b242abe489d3501ac6103c9847c4435c31d93816cc68f1110666e$aplyfechdu
206,$d6660f04327c5f22cf691b9c0cf67dcc702dc6bf3f52e7aa034fa6b0961c7749$rxeelbiols
207,$769987dab9223bc935a2d8189980e69e4123fccf4f241b6b53d12038f36ea51f$jztnjqzhzz
208,$bb952a0c6fc2f9618649fb6df75f2f8d7ff0a890276801c24082a2504e63cda5$tauulsikne
209,$cf9a041d43b0479cc72a6751fa46cf0ec5e01dd5208651a93e8d7e5c69294ba4$sqsxmryqgt
210,$b59e427ed54ab8fbd3f38f05d0e0a5e397783316c06ecf13c9ee77acf948406b$qnqlwcyvsy
211,$df25ddfc54ac5e1e3d0c74b2ba027ef0c1674c4d36a817aabc7b76bf8bb8f3e3$famdmzomjd
212,$0be797b0982247a9c93e4083ade7b4f564beba25887c888fca553582272e02ca$dgetgixecv
213,$349949b5a8699ee6dee2078847a82e3b6292ed6d83da79509802b5296ce416c9$mitsprrhxi
214,$399e92e12886db8cfe24e157df7c66553343fbd630d62413a25f814b006a2367$cmhjczhlsh
215,$bcdba26f75e8e05b239979d3f6c316e298375881dd0d64401b7e57726a3e7123$wzbyebuqwa
216,$0142a673823af10329d608021ff2152efce5229fcfa3b9db65d033f93888de68$ektvvkefmu
217,$83a7fc3c87f903ce269a7d793a03cfb8bcd7bcfa80d75d28f223f3395ec6bb57$ffilomfppr
218,$d1e8fd62b7f3badee72c95fb21225f91adcdac2963b310eb77f13cce1e9c472b$jlewjdqjqd
219,$b4774c47ccb93266a2472ebf82ce424575e2797b70022a9b1df6d66151b5dce3$qnzerkkfec
220,$cfc42cb8d7a7b5f9e6aa82d74876728f6c89f4fa1cbd3775d049c3676759feec$kxqfufapbt
221,$4c7701e852b051ec7595c5ec02dd79a46232762d7ba980abacfab27c3fa6f118$iutmobqjpn
222,$6fb51802997dcdd37a67af1e39aada216065e1ae3722e2f88c760b14d0e691da$dxuoytlnfy
223,$79d42c99a375e11f726d7c36130ea09eada3495f008fcd9c9d9da557a04ecbde$flwkcsmxak
224,$9f7eea685035099e46d2dd8a99ade2d60e26d2cc5ba0ed70ddb55fadc1d015ee$catihjevyr
225,$de96b4a913c077605bf46d40e3b95ce6f7af285aea029dd72b1c29b106983ce9$zqylwjrxih
226,$feeb44475b46aaf1b8b56f9859d49cd1da5b163013019b0fc584de16ae968cd9$uanteqskeb
227,$1787e196d9368551dbcaf7a68ee32c240595e37c821109b4bc2be4f205860cda$iulnohxjfu
228,$8c0efde9d1b52e777fc33ba38fd2274d8ffe2c7c1760ced504095fe37e52629e$iduldjpavj
229,$800641f61d2bc269e165ed36ed14937d7670931049918adde7bd35422f679f8e$upplbuctah
230,$3cb2f66786f080cfeea4ca40438fbc13d7982a9b1eeeeff8f7bb7be8a07a5b38$bosyhzkyhh
231,$df48832eda8dcc35eabbab8f5075e05069996a914a4a5600cd977cfe9bf25cc6$zfmupntxsg
232,$1f1533f43607772ff77643c7bd4dc73bc800367c3eac2b8563bb25c18770296d$ljnvmmscoa
233,$e140561109c1975d81583d1c426332d8e5378bb187d41bda6f32011cf45d1a36$goyziimycs
234,$f5230ddaf215d6635cdc80c046c66410a7c2bfe50a94050666b7bac6907c80d9$wpvcnjkptw
235,$1ba5ed8cfb7324c6d6087746583918f6b695252c44dfaab7697cae6f3dca4b75$luvayfvceo
236,$3d95d797172fd21005e07adfe4d98b6be21e41d57600eaf68bf2ed339db9cf8c$ezrtimesqn
237,$4f866cf10f6138ccadcfea4a9fe0fb8b4b19b0f622c1a62282fc9f4d2fbd314d$otxlqvcqld
238,$d5ce6c0e821a46e5cb4e451bbdfd5a913f325af9148e9a04d2159ae9a8c29dfc$djrjcdspgc
239,$fef5b929b35c3866e180acdb6070a90ff46ffc6ffa9ea3f3a81d0ed7cad93788$fnbjivamio
240,$53e293dd46c38e3e8db674982caf26ea306636f4051ca412dc0b63c5a33d1b55$yadivjnqie
241,$4482fe7a0e3455d256e2a262e455c7ae8ddc97ef5bcf465b584ffa1a900bef80$bkpsyrvfiu
242,$802ac35bea0c534991e27d05d0f7164d4f6772d48edc6f0ff726db62166eb05e$zkhinyzorb
243,$3b86c6508fab24107a002a35e72bdf25b396ef4bfd8e4eb518f430cc307c177c$ucdowxquho
244,$2d4ad334b720344e132d3739c6cbf250202a14df2e868fceb46b5364207b11e5$kjcnbaqtqk
245,$57cd5c599bacea7119a64bb719736926845fa50009b836c8b27eab34a1a783f1$spkdcmjzqr
246,$80f0ce5b1262257f8e6040a18a3807ff40dcfde689617a23707c1c8321f30337$jxwdtogbxc
247,$c1127e166c141b61356e638dc2915207a5c07aff39007c7a69e099d301f3818c$dbcnojjvjn
248,$9256856dd962f92c1aa02ecfe58607581e976076af3226bc70c608a48a1a3a23$qqatvhifct
249,$15313412fdef83a68c3091459e5daa4108bcdfe0046a92500cec3e1533b61dba$aflgfczipq
250,$538d3162df6a93a7bf54eabbd97efc67a5c4f378f2e330ee051a01e741a1b9ab$vfegfomvmh
251,$c84e3896deaa7899bd96e005a334f4b7fff569d3763da43243f886ca8bda253c$azyfzhuedi
252,$8e36515e731fdfb726741f9ab98387b357d87c1ffcf22127fdea74e754e2c4df$hsfhemgaki
253,$78c576e454ea9aee71e7e49e06432938f7c1fdc50d3c8107e844c62bf618bd6b$azzmpcocrx
254,$c22f2132a74500daffeeae1d30d93ec9670956d3b8bc16a4c904ec2977843d01$cqbddclhif
255,$89fae84b314800cc9c542e9bd3ca24ec88f02fd576714b7cf86e8b8aa9415e74$jcxymrvyzt
256,$3fa841a41fb03388b595831d559a432eaf71256bcbfff512e34db27568fff43d$qiygpifzsi
257,$aa8770ce2b8601ec63ae2672775337e4ff92d3bb009be6389af2ff0ee4c013f1$brnegrimld
258,$2c37a3461cad0f0b8d1807ff3e0332f6116ac7edf9cc2c10cf37797116affc6f$snqcebhxfi
259,$1f837e0152f2f4522ce19742e648f2db7600fcfd4d06703b9ca51b74428362fa$btepjpnrpr
260,$bdd908c4cce616d9a7626e18393b6e5e2c1d54cbddd0f1567239379155fb8245$xhexxvvwgt
261,$dd67743035f8f2d48320726684b093fce1dc64b117d541fd893bfd79a4d13eea$evrdojvgjy
262,$da0e2d0b9a5e9b59b1510cfa2e7cb8bcb2f4518151eb0277c92453ddea2bae8b$sthwkyxrcj
263,$05b8d79a747c5d98cd8b2684dc62828149850e174896f682f349342e4b6716fd$pljlrlrusg
264,$36d2157510670853232dbeaa6df4a5ad226faa5ff8e5e946fc95fb26bf1caa5c$msxhxyimhy
265,$ab481535113069140f4c826a51f2070e2991ee9c9def0250231206b7f089f99f$mghzsyrzzm
266,$177fe52e82b2651d8c5845ef1f854a47c5c9818b3410ce9a076ca467169750ae$rimwsatima
267,$35db6ba4470f64e2e04a6a3538aa4b49b6d57ec31bc5947371ff0e7ee4d0e81b$wcrgxlrgma
268,$1450ffa8286e988ffb9fe7a121b8cea0771390214866101a4a3aeac5f985da64$lsjahovduj
269,$550d1faa980e908ca09d2dee4b5721ac7ec0e40b460d7f7874d63a39119b6afd$eytbfnogxc
270,$c3ac4a3ba6432a5c19645c785f4b193c03fae8926af6ba71860be40de9392ede$khxymvairp
271,$29cd885a507171bca8f820a9d58ef2d968a21df6f04fe17169658af9b6c19e4a$qthiaikplg
272,$1a3aa6703b0a66dbd694420448f7799030f6965d5459c5ca61c4e48c7c3af2fc$isxxrmjpoz
273,$96415c940ad03e777bfd8ba7eaac3499da5936999fe9f8b12ae7f31ee062f6cf$qfepamehpf
274,$61e552f207b1bd49db4d9f7ba9dd1ba416fc51910a36efb47aa68396a28937ee$exbpabmovb
275,$417595a1aac234e028fc7bd1022e1078c651550e26b5a0f0f10535c879d30803$unowsprykh
276,$60a7d7bd167e1013f2bfe25e1d071c0d3aeb1a64f62102f621db15742d6ccfb9$dfbbnhckoz
277,$d3df1efd44ec8181805ecc68d0770275e8fbee0af4830bd4dff420ae22bfb63b$nozyvazflu
278,$8ee07315935dae4d763919690506a06f8f5a1be9e0f8a19f6d202eebad1220b9$hxfhxcidge
279,$95c03ea4c716d56d35b6cae0867c2839b4f878d4f69e91dfb2fdfb6893b046fe$osawowquvf
280,$67b04e538c59db4afdd730282d061b76b88ae6d9f874c48a837e964e502da59d$jihuhoftnx
281,$2272e75631cee3b3dd2d7e46622ef0fb2731a0b98a32edac21d9153203cd4f58$hmkjufpkvg
282,$9ce409c6192988c58558dfc2a0d4055afc18871495b4cdaf0bda756be114428e$updmsgatxw
283,$90dcdceaa0c33c9308e886b3e03640467b316cedea84c25f0d95eef1f085a413$gyccgtphxo
284,$1ddf26d1167ffeb16b82691fccd5d1dbc093e55a854263279b559ad69bbcab03$akadqcgths
285,$310bc5a2607fc6e1a4f107fcae9e13aa8e4d25e5ace999c6b793e359eefa5fb9$urvfmbzysy
286,$58a235d292b8bd2e547a265f32d59236cbf716fc59c72422b8d50eaf7de42df4$cteqffuiwf
287,$56f9e85b012af6dca6543f74a731d2aa3185a72d3f2d4b3ee01bb43fc1801599$ynkgvfksqk
288,$d85c1fcd4528c39fccda2541094f1d3a1fb9b35580e6f359508d9f83c69e1273$alttljscus
289,$2d51cd68a735f1e8045d76e9dd04c2c814e841af51978a2c0287a3dc7f225393$phtevarjrh
290,$221fbd1bd6dc36840f52fbab2976907b686711ec3a1c9904812cbdd373bb19b3$iawfzyhicc
291,$014d805e43676026dab6e80f9a38810e58114a6f65eed3c489403db1b2e0c2d8$pdhiiuncaf
292,$fd936bf87a77c55ebeb1487aa7054399313977be951cc9147ded6b5a556279e5$ypfqxtmbny
293,$606dbe3bc1724909e341239f05b41343ae6b3f1e2339b64c6cbb92d70d7be7ab$zcahoixhzh
294,$f2a909c17f282e31b678f9a2f3b1cb933b1f198b3beb1e34afd27f8f4f5b82dd$wkhnsjztwj
295,$c46a73d935c762f4f0b876b0049d5b2e7cbcd52967c65412a2a499098747c838$lgwxjwlqdo
296,$6ecde50e1d28f07439dfadb5e6ec774bbba5d17cb327b9cb0e1c808ee7effb3d$vhemlbxxbi
297,$b9401e230d5e6eaba3b5003ccd9fc32899e469a9e7777983e103cfee7a406051$okgumzcpis
298,$743c02a342289c2cdf8fa16f87c4eb026ae96220ce64c80e8e32ec4251503103$piwleitrmk
299,$a50249c2668182a8b802af68cdd6ad70b8869f0cf73559421b07c1f1e810b73f$zcitsazqam
300,$37bcc2148d7251705f8269b64e07cf61afecf3e60108ebe9239996651aaa509a$wnbcxsarps
301,$2ae86f8e651c2a2bd940fd6e2524c88aec8799305484ade02447b4481c89d042$bsnrvunogb
302,$8099ba0b268378872f3c9e85c5b58003e5fe7252a7b7f73be848a7ddcc74135b$smannzkjho
303,$c2adab60cb2e45557c3634a2425d2da3e148d8dee560ae91f16f6cf6bb0a6440$bphebcsjub
304,$9c7f57877f07210bef279d8dd83a3e9199f338dd2655a477534f31e0e8845854$eviiurimnm
305,$a96c7a7f9540c1eda19b6a2cf056d3fe072fd4c8e59c13102094b2b330f4d6f1$dmrctvxhqp
306,$2d72a437ce39e91e2fd2baf551238988b1a9cc3603714c68e4194d7d37447bfb$opebxxvovr
307,$c55214eb16c557fce4c694843cb48cdb57be960104215fecfd1fd82162c3aada$vaivgavsmy
308,$e076985f7111c774af56eb4a5fa59a38afcff12473d54fab054eabe10d61219d$ubrvghvfcb
309,$c89a3bf53dc7e9ba565d7c00b4dc32b1c423eeffa01b53680dc728b4ce995f14$jmcgtngsac
310,$cf81b76e185eb39fdbc88587a3810e0ecb4b398916b092d8f36e2d44c5772228$kfrzjzprrx
311,$c0e8f3a1e7837eb9dc769f80783b9299cb06c97aab1f16d6b75564f14ef53f61$lymheyrjmd
312,$8cdd8212c70bdc2d9bfed74e3a7ead04b99a186ff1cc2759efa06498b4a627ff$vumcayhyjz
313,$e77350d2a6248cc22389e11193c0165e3ad8ec93fbee0cda3d4658cdc10d8d68$dhhxkwhavk
314,$940903ede654ac4150949d3af0e3722836700c2d5a2c23bdf5444db3f0fa6452$pzqhbcmbat
315,$54668f1a35a8418f2cbfc07df0016c85c931bb8bd6dfdbaf41eba125ed6fa912$heagiecekw
316,$ce14e35458bdaaff9e1f3ac5122cb70e7ecb54e873d0e462082db50016ae2e16$fupwuzscax
317,$87395a70e80320e55dbcdcc2c07026c5a855d57e879c38541004de1403594416$iisvpvnxyq
318,$18bf0139f82acec6040d3975dbc225ebd35095cb93cafe9374dd8b57f1454708$rqywdzukyr
319,$fe769431363f98a01497cfc520a62f1ef67ea766d16b58e8b704f904269db4b2$cqvweaogue
320,$d9534a1df0265ed07f15201e566b3002dd5f62597fcba03e1ea971c0f878b82a$ggbiwyzdtm
321,$86044713ec1ee76355a53a174882fd540e9090397f9cc91ca472a57b54d0c418$luafhmoojl
322,$06cd044f94914f63db5f8b3f6665d812c253b9def121d41f2d290ff4ae7b3e72$jfgohzwgmu
323,$b797acc3ae2067cd86444d1dbe803a1c655c910c3ff531d7a4782c87de12d1b7$fitszlqenl
324,$cc0548d49fb3ea3ac68e12d9a137fa40c27722a8647cc402796543ec9878d222$gpzdeztzcl
325,$94c1717964c17fc295874c6e4f97ce5dd55a95232c8059dae454ae2f7e1a1e9a$ebypamhbii
326,$ae1a7f83fec8804d2524a1384bceae8a72014470195b3651bf17da676e6334f1$bvtueqqytb
327,$ef792e625a3c064be1758b2c0db77ff1dd741fbe46e4620d5a7bfaa8606998cd$ukkfrfdxcn
328,$26bae31a3727723614cfff1332c39b5edb2d75b87dad155258e6fe4bfc916891$wimdkztets
329,$630058191bb60bf3a136df89f395540223aa60893908e5e1e6e840734e1b16d4$exijwhxabc
330,$42ae0b2dff695dbf9779dee8ea2d794f9b495390fa47636d5c1fa8cf3c4fb61b$uctvwfjxtp
331,$7079279f93614e5a54c1854d6f8721c1900ae63a989eb1511fc2f2a73537b802$rqrvkflzsk
332,$c5de2e3c7e7878ccf0e81d545999aa31c7713cca44f3bd78d2e889c4901548a5$psloxtsooz
333,$d611e56f68b9b72af79e439a17e6461777c2216561aea3d83a45780ae1003eb6$kffoekztsp
334,$699f35d5957451ad3e119efeaf3fa0a02463401e33c6006b5249b778f590ed56$qwbaetewni
335,$d07405222733a735788066f833c86022a3d15e30016ebe12f21c68c551a8528b$xgjfjbygku
336,$174b8baf3fde785cb57cec3c527280471a04f6726d23187f49a3bef66decf5ba$bwuwdbyzch
337,$1860dc3ab9b1e4e5ee94da11594d032b8499b925b53fc292544534c086d6e0b5$xabdmzlhca
338,$7b0e63dfec3cbbdc7c668c1575f8d8bfdc9511a8d96cac7310f1be95fa104512$xkiimrqfpv
339,$682a2fe55a986bb297ca936b951fc4820030a608a524e75bb1bcfa288fdf6558$cnofvliyoq
340,$0ec85683af5509481daf4c222d8b077052783e01225e84a1952d2cf98bd1676d$lfaikcyarh
341,$1deb41fd9ba1a217a2d38d4b497c7450e24bcae4329bb3783194636886ee3819$kfzwajkrla
342,$708f71fa367a1f2bdb8461666bbed2e21cd9be4a0d3823b32713e440bf3e700d$ibyhznlpbv
343,$8f20b27465b216fcdd4c18d8f3f05705a73da858cbabaf144dc94e474ac04a92$wrhifyzvdu
344,$8e070b396703eeef48ac317579a2fbbf00daf6e785bbca96b054d68579ed4c6b$ouwrricqja
345,$1327edee84c361cab09fcb4e103cf37cfb43aac0cb2ec945b3a135c3b4a239bc$lvqjqnmuca
346,$d9b84a67a74368210faf688ea163c564f7724a24077f85439fa5e268bf624bbe$sqlmtyshga
347,$bd493b7d9b8b53f9a5ebe8f5641d36d26b3a1a2e07ae7144b8b0e676fa5d0242$jrgehexbot
348,$2138ad7533cd48a0edcaec93cc016c1ee7a057caa9369792713e145a06fe2d25$wgqixvxcjn
349,$3fa42e3fe55cf8ae169b8354f8519ccf561623fde2b77c355776182c4e1d3957$egsvqecsar
350,$6fc7f16d2f07b5aec157e500ecec5003d69fa8d6a17ccb821bdc1770eeafc51b$yklhbptyza
351,$626b9986b24c670a9ff385cbf156e8fae1139ec79aa929bfa3b84a43873b2d76$yqlvrcibtc
352,$d1010cb7de8d4569c346b992d038564670cbc6d31a5d32fe22d0264757765a30$wccnyzskze
353,$fa30ce428daf0218c8b8e87415204fc855893d43e7517ffeffd9daf2152eaedc$pnrcjraklt
354,$f8be6da4315103fdfb32262947df2873caa2f66df178907c4fb3d32742808de0$rdjxtwmusc
355,$4cb9d017d52c3fff3f3f809764e9957244d66e1872fb32f9a85091d93df152b2$cqxqgfvpsk
356,$b69fc3489f710c18dd224f8e1cb6b2235aa7ee947ccbfe62df917ff63767f598$slqqmjhhnq
357,$49d13fa035205c86418d3bd9120cdc8b2ec1d2d0458a70f74a24daeaac40b469$jurttdqqsu
358,$cbd5d3808f63ee1fefd5dfb9c7f35715071da5859822175620532a6745ec384a$cqpvzoophj
359,$ad6c7af24fb7867ff2cd70c508b87247847b24f4f254583b3f90611f82bcacad$snhyqbqgts
360,$310405cd28d089fa63f9d50805e7980bde109886a1b45ae4c51718d628898bbd$ymxnvpajqu
361,$4187b192e2b4acff811e6bf481cf3ccb86d2e868737ceb18e853327ceff1e920$prkwpxjvls
362,$179f30fb949e72109944023b78725f10e6fc7c6cbb7c630779391ad583b92fc0$rtcxrmgfog
363,$ee7f7ab596c95597632021d5df7e88c4a37586630e83f3433bd867a007f43ee9$ffgmrqomhn
364,$6bc57051473849827a1ee0e18b5821abd68f2fb3932dc21310c941c9ce9c6642$dpffhzbwbd
365,$ee2c910322f337ed1c3be652c7a72afa15852d57d4ec71132f8a68ba2445bac2$ixvdyuvtmh
366,$8fc7a96598f56687b2c37e2cea6e18a92d98edb4e8a1ad5acb63877c19d92147$saeazpitvv
367,$4bcfeb11850befb0b6e958db34edb3f827c272615b64dd8134eeffe6041f1800$vcwqipwddn
368,$770262fc4766ecc521c174be70178aa710c86cfbaa1bd9c2960250e13c7bab0a$zajmrgwceg
369,$9afb462f88b38400327a94e52c14959d75c294b310f91a875bf7f2eea1c97592$iwtjzrtrir
370,$48da2c042f6b678d5a73e53366629b1a4a08c8ea55b78f658d5130d22c152cab$bdfeycstyy
371,$3bd9ec54bb8c5ba3c2e3ae73a2a7bbac59ff6fe02469d3e9b1d01e18038cee75$noyfjdcfpy
372,$e3ca2d52b450f28b257ff179fc1f4674294c61237892d9fb4eae055ef6716e5e$bkkrxiwtxf
373,$c007d36696d37de00e26a037c39738abd369581baf61c7b155ec7066fb1cb12d$kjgqwwmvma
374,$cf539014ea3f7938c3741053c77b0b31375103151383e114a78d8683400d50ba$cwzjfimyoc
375,$bcd475da4c94bbafb7fd00bce999fab868e43cbe83e6d087d45a6325e748bd1f$oiflcxoxne
376,$552db67eaeeec32298c4814b2485849029c5c4c6685cd6330eae592af7ccfcfb$vnnimtvzgx
377,$d2e749c0b41e48afdb8ee5b631d006585ca42d89f75e005210cf59d64c86e01c$qgwlmylyfd
378,$3fd2e7564afb3890a83731cade0efd7a5e09f6c74d79b7e125c639b8cf6d049d$wxanrzjtfr
379,$cf7cdbf2830bb11e19471c50ffe1de90972c90d825df26d749edbf1b673c0047$usryssgvmm
380,$763f25d0778d3feeec26bd0400bb5ea42cc7e20fb02f18dccd927df37d6ae2a4$xznzdtpygu
381,$96c09174e5fb305261d6bf9f65453244fa5750451a47fe97f3d5deebe2257033$hfcnpvdvja
382,$50dd2f5d77f7a6d9026c92832b17680e78c9c9b559fe979d45e4ee48b96e916a$rixrcdxpyb
383,$4bd344f685878c9f593968734111649645bf1260750860aff8fc670b7d31ad43$gujipetycs
384,$a576439ab21effa139edf29c089166a30ae5bc1795aafeb94a835b9a62cb3ea7$majmaxprob
385,$f8dab253aef571afb9ca124562cecef6abf609effad403bcadf65dd026413ab6$zjqowlzkjd
386,$454164e22a69c2e8bc5986c4953115d0bac031f0aed3c0a7b61e95bc0c5ae523$kwkpvuwesg
387,$f63d81d920099bded7275213335361375ea005116cf8287eea4ad3bd8dc770c4$vhceoovkpk
388,$e6a10d91e575cabefa8cad0c5d9aeef88356cc46378399a641bd66f0169d3a95$zvmhafoupd
389,$210ed61ea9ce2a6d56205b4584371d33d3e86f9f3fd08e6643fb06f578e31137$zcmlolnojm
390,$9d47fdb43c5a7e1d98ea464420b60dbe1d2cc639659233cf538abc61048e39a4$sfsnbzcmgx
391,$c0d95ee54c2da43a7c8f5d30afda9f77362bbc6ad773aaa8f35b1f66879d9190$mocigmkdyb
392,$806f25cefbab576c8b29768a730a58b76d23d87952ad8c6d4dd935a21463c153$yphzdnamzi
393,$e595c17382ffaeb654f00fd9701757b251a32b75959575421caa1ab474ca063c$odmsocdpzp
394,$e5e52a108038fe596a06abf555b5df3e2ba8ed161a9dff64e5bddeee9b076a37$adulbpxgcf
395,$3f2f1ef1ee9cba516808fac36f399ba3f8594b4254bb713c17976a1806ee6073$wweikeklxy
396,$6713a91d3c09d4b858cb12281c73b86a50e79e6598dca369913bd5c3760a049f$utcnpjmdwb
397,$ceace07c6185f076147ae893ce5f05321de0017c924d97e1d7005a69874007dc$avrwjfgvmd
398,$9fb56c73e887ec9a3cfe175be0c3c93ca0be46aee89bfa42aaeae4407b80d6f3$fzrdkthvwh
399,$5efbd563625dd5c182b84e23a685941cd38ef46fbc349f97a4bb0e1cb59ffaab$xqgbbshksa
400,$c7b54ab245d1abf37451672632a8eca3932b0599ae0a111323555d59be5dc53e$seuusfvinp
401,$24c4805986dfc1e350fcab6f3f3468751adf90ddfebad04b3beb6174a1472c15$oxgmmouwkf
402,$fce9c5cd7a0c45e9e7b5d826c9da0cc95793fae6ac56a5a71acb3c9243256978$asczpvlelg
403,$c816a66a50ae8ebbd00fddf04c96a0b360e47642b1f4df783f6a99a21a77744a$jteiigwinq
404,$e643cb53619a424e82dfda97b7ec084a20a40810b50991d563cd76ae0fb713df$gehhhwcona
405,$f396dd3eb12c0aae4a2b81063ac12de31c9f47852010bf4c1afd8ab05196fa0d$nahpadrcle
406,$f991176419c712864fb3cf0b167f45ce12bc0b1c1956f328c38fc87748c674fa$wjuefjyttj
407,$d20b6bd7fd1379caf825b07e98f085d3e78de1845af35fd84706e7dbd5919955$irxgnksnrp
408,$feffc47306108c03985f9487280dd2a38c44ccda2c4d529adae69a149f57173c$vzjgozpbvf
409,$0bf83e7a3ddf2acba602b253dabea1d8364ed452fce82c7a92c7caa1488d3cea$urolmkezci
410,$ede615d535e47d700040893157a5dca6359159fa2a453dd6bfce93bb74137d5f$luhunrscam
411,$768bcda5eb949edda0876af6d11b14fd7f3ba557efdef2cdb8be7cc913ff85b8$mtknhxqytk
412,$00721b1d71701ad60544fd1e5704a07359111f5ee4330241ce20f4d6402cd0a7$rvrixbfzse
413,$8119e2cd3a0349e593f56b50ff5f9c1518c04b8f05604663cb44e716e0df52ed$qsmlmptyax
414,$e8dfc207c6ac4fa5b3f8c73473f04c8c15d15d1a616cedd3d8b442c8c43c864c$nyibvjmebw
415,$c8010bb111fe0864b6703ecda17a11f7e90b80e0b4a29d0781c75e1b09010a36$uuqsbqxzmb
416,$92262ef04537e5fc877237a82e912daedc14cec1905a245d3ffbba64c519e001$rdqsbnhfwn
417,$47eb6cb35ec6b8f03b5b6c360f3db7808d5324ccecba25a92539b63ffbcc797d$rdmpimgssx
418,$4366107740c2bf7163b40d1167dc0895abf797ae2f431e810be98e71c2ecc65e$bwdyhzomiv
419,$bccae66e83eb54e46825e9f89aadede48e10a7d2d45fb9f72f5260d1cbde0306$stwpoekmwp
420,$a85233e052610f7d5b3289e5bd15cb1e8230a3d23e3f6094a09835b1892ad21c$txcoqagizf
421,$8416adc6285a5e63113ebf5b1b797ae05114d88fe5e337506a3fb10077707222$sfjekearez
422,$0d77abc60e350496c8e98624f4aba4c8d50bae01f5f35b3e9f6d18982ca728d1$xiaspdfxpw
423,$d2fbd7e88a2d140a99be55b65740304f161c23530e7f66cd5351672590317ec1$rqwsknvqnz
424,$2f34b45deb9278a900947ff5768a68fe030a7b9e5981eddc2bfbe86548ab4463$qshaokgczr
425,$f174d0e32c53a2a00ea48ac21df097ed220ae9bd97d1404d8e324f0225ceb064$ghwrtfefwp
426,$5be4de7a02d2b3a6ccaecef16bbba7fb19360dbd3bd8d444b6b6840dd2564330$zptttcfhlj
427,$52b258b3fd3fa86e9db8450e7001e6ad7ce304eab780c741cb8eb4aa06d35756$hevbshhchm
428,$afc579c27b1c9a06a25a144cfaaff1df57356ccd104a0bb3d5ed42fb924b9abf$cecaeoizwu
429,$18b675df2a25b3773a94f0f78202fa74e5a3cc48ff3a0d83120ad0b954a6df78$ptouumienf
430,$a162553f317ac30b635eeaaf31cc26312764fc9667bf84b633ab37f6282c90d1$ommhqnvpah
431,$dfae1c0957945f6ca18c75074c1798f192872ad0d42368492a3ab76c4ac1a8e4$ulcwnnerlq
432,$ee9e9e37d30f236b2331ee8a9585e8c11c006febb0d35f54c037c71e85711552$yyomagnrpp
433,$7d6505dab459b108fcff1d4cfd269d5e96fa6d6f315f66329a5c2ebeeaddcc0f$qlzatvfdcl
434,$e4775cfa895852c23445a7bd49fec6f13dbaab74dec331b60e48fc7892a1522c$xekktsvbxm
435,$be9c4164785946ffbf934a08ad91d3b2835e9ebeba24d7a71b71bf1b2d3bd57a$zuqvromuyd
436,$2c45c50bb96b107f08eaef4f6f791c91ee11dd1ed4142451dc0649be864e6eb0$vlgwmbkiei
437,$1da398b7707fe2180e145f0ee09313eafdd22414bfadca9903a163b8afe34117$rxryvahqel
438,$863eed38602f231a56d58e763512bcc59627bbac1ecd22e76edda6096bf4a648$rfvkfkqrjx
439,$ab40405ff46a0c265e7478b2e1b8b8e756d1ae53df8146bb843316515ae46e5c$wabuwmrbov
440,$749829b540fc51896c0cd7899c7a47b0ba8a676c9c0c206bbe4caa91c0c3975f$ofgwcmgexh
441,$1cb62d1180c707db3ae16e28f35dd34fd07afb4af0459cddfedca60cbf59ec03$nbqfqiwfdf
442,$71ba15aa6ef69cec1ca19267cc70baf1426c6dd4bd9c94f376e13ae4744a352d$cvvssduhaa
443,$04a85a9f4e2f552ef4603a8488f8acc29a09d3d75c4959db26171bfdb8066724$pojkfyhgfn
444,$9639532f10f1aabee4a6159ef053e75a32352159546919e1a56e81e5a0465dde$yjudqehbvq
445,$36e8d7945d25ebc72a7189ac85a39caaddaff55effecb1f343a6c726effe448e$xhxtobrawv
446,$8d354357ef064108a6d229b48a17705ba5c75addaca27e8a3a2d0e768abaad01$qsuwmsekuf
447,$18fa3e915a8fcaf51224d13888d05942f48d826f5a20935ede04ab87a3f272cd$medxclfula
448,$70af8ce4037fea6678c0a3146ed771a2f3cd28a45aa66828f0a91e921c5dba78$ohuknvqqcl
449,$88944168253910222a656f618076ffed526cc3890590537794f07298f04a6c86$fscmciepxh
450,$a21fe5e4097bbb0bd654837c2ef5653aaaa61a86eefa28a87809ee2e0fe33da9$iqrfzilrsy
451,$38c11b0557e572e121feca0aa00215a10cce48677624f996bd498f58a9d96f3a$myjhfromkl
452,$7daaea6d839e8e3462d340efef8db348c231f80abbc2722459ad82128e738739$pbxxblvxka
453,$28f86d34304d1d7a5f720ed98fee129372810c4e6116d610e6058d826989502e$sctydgxrgf
454,$86933381e00909d2517aa10cbf7ce56ea8e3113c2cc97e75a85a41c594e3cef8$xurpdzerms
455,$a61ea01c8e6b5de863328bfb707827103755784e2d260f386893d1a52a593ef7$txrnzcorqc
456,$8ebb77703bb6aa180fea0f99e316c6b3e14149509366f4ccb0a4423118a5294d$qskptunacp
457,$5134a8211be0b1cee214e2393919b521eff16c60c55ccfba069ff3479b5dffec$bdysesyygq
458,$fea6e6699fc0ba0271be9977fd55aacf4b191cfb4cc1925a1389e7b157e6bbf4$idcdfgawpx
459,$b132b3e9741d3963e87de17d8ca856c4a82015f7de9a5bfad9d45d83ce881e28$tikueklvzt
460,$0d5348eeacd90a3e1e08122625f2a716e4984596313851bdcc5c0792c7ac5d4b$asmzkjuvha
461,$e1af4c10a931956510d192340c8885b78eb780c79646542561151554ac0479ea$sakpovxbrc
462,$a14dbb120ed39caf1f28f4f3367889c06d7d02176a772624d44ac019dcb760db$qwecpfnigu
463,$c5a913af2fe7f94dc5a83d32068af518ccc1b665cfd6d072c489e2b587d03d4b$prmlwtxkuy
464,$44779c598935a677e62b98bdc267c4a4c56d55976b3294afd477e4053c7a8abe$hsyjcxlbve
465,$8f07391f90979f57e7f1b439281bdc956147a13db5cc2373a9fa0e7bbe17baaa$ftoitkxmzc
466,$3e2aa907072768c0b80fd5f5c367c676485df6ca6f48d95d0b06d0b7f50f488d$kgcbhpqslo
467,$750c6abc5f7e2bed8997d72710875e4111767ac0c708e59d2d7c647b90114b23$ajflnimpzv
468,$0a17de9a1211dbe0188ae042bafdf21ade03d4b3b7c028c070fb6f3bfa7d9de1$wqyisinhkl
469,$634f0ab6f4ae6356477e9500dd10c0b7b45dc0ffb876e936ef82541ab8da75b0$ujndvtqqzw
470,$e9fa938759ce000c7d22df5df4e0ed27ee818815d11a6cd3c0eab7cdb3a18317$kcijaacslf
471,$731c66561af421f0f9c462cbc13805f0c0bf06dd4671a257c136955c2d799048$aclekeotso
472,$20441fdc5a70ed39c1441119da826a593d14a9fe50c9d6f77c873490ede4f35f$omqxcsyogw
473,$4c84cc18416d377b157801079027827562519289a9eba2b069e7740b666de060$hgnydkdxpj
474,$67e798bb60c7822d8266fa65b12149b4b3e6877f1395b8bdccfb6032c21e6217$iaozahegbi
475,$86fd7ebef4c6fc3da493329c39ad461f3df6bb32a4b490b63ca7c19f0fc39b4e$bfzmidrrxo
476,$d1bf1d0f9de4ece698b6ebb60ef15721e098ae901c47d9ec30cd30dba7aa3460$cewmzknfdd
477,$555787c4e1ac67f9759fd71daf7a93d868786f98c99bfa2dde0ba50cf07d41ab$ogttkgqtlp
478,$7746edcb4b19b5899d58c6b6f762096881c109f146673b3685e810742ced9e34$wtzcwucmpr
479,$f69de0ea3243c8712fb0ac357c9dd48164fecad85fee3daa099beca5db411c5b$aeqstlbyvu
480,$c258f0a411dda2c348503e30c5f48c6183399f9d79f60a86d942e995b04e8187$nyecdedddu
481,$a1d9105502031d95210bf215f30773e7ab0f6d3c6c551822c173cd5652415f0e$ahhmvbebfq
482,$94737e30e0d297dda757dc51a9bf17660f0030466f4e826af06b1f7023b977bf$ubprmkzikq
483,$a27decff5d1eed105a7a0e5140c1b6dbe7d20527ff9140c63669393b92f1853a$qfqlmcqsul
484,$aee1b693765a0e5090648c47dfa9c2624b798e97e123eee1d75ec85f06fecd88$kzqrvkpqbq
485,$72353c7591c5a54ed8dec18923cc141eac034fd76cb078c73a917c65e1aa724e$ifdtitjarn
486,$b9b15f62d42d60dc2c94c6ec45a5f60735e61003bfd9c09732c40a50af5c9bf8$npnugvlxzq
487,$9f4deccd74247198bcbb280fd2f726803f4907d8185db67a79d57b6b9d230219$lbwspukupl
488,$af28f139d1a6c48c0a1e2aa7d1b712bfe0c465f8b5d22253421f5ea6d99fbf1d$ryftrxnbjv
489,$d23c628bdc29dddcf3cd07a89bb4ae385e4beb32d50930928460aa211e409217$zjhzbrylne
490,$d3ca75846c5c191accc8a51ea5efe04af1531e66f6c6267fccbd7d1dd856ec76$ovfzzmxpyf
491,$dcd584ca560e76ccf3c8504dea605c15f267b338594150c38f427fa6292fe1a8$yulvmbjoum
492,$35c599666e45879844e609f0b13ca916f4025030d9199ae10411fd74500376ce$gyueormogp
493,$22cca36a3336d6ec50a624b0da622bd3329beed44f24a7163ec8442a841087bd$ycfprdnygl
494,$33b5c0633adbb60d16eeb5bc3ed8cd38023656183643a274913bfe7d6048e791$wsrqsovsxj
495,$a26679c786890cb19a1c1bb79fdf9768fc9e6ddc186623306d561e762dd2e6ac$gughqhceko
496,$73cd59b8962007636152ae1fe086cc036e9cc1b043e5027530ad12eb2ff82130$ltqduwbeat
497,$0973a395e2236ec3719a1c9bf97d2c30855516949da67624ad6cd0850452a96e$rgoyunmbda
498,$f28ddfcfc61c42fe67c5a28ef88be5b9518b18ef37295a27d3c999b49c4f644e$ueksijogun
499,$eb203fede0760a167f9f141e44f011cd83ff3ff0635017c3df75018026f2a41c$ltjgjxtcpv
500,$ce0fd2a8e374b09d393b515c0d777b4d9c2a1fc0b3134491270972ce6a267d0e$leaweiuudm
501,$2fb7225fece91fee6f987b5222356932feb5b82da6b1efcff8da75eff3f2993f$chdjafquag
502,$bfffa55636e610b358d454d51afa31ef39c306ca376b3c26104c54b963d1daec$rwypexdgtq
503,$a1c82c4a7d8e279f1b92de78df7aa211a08133401087094502c259a24f1951fc$polppgkrpo
504,$19716a6058e7b28d2582c01d9453d04de9c2fdfcbc6cd50354fc119215424895$bjdplblhcl
505,$cc77f51b1a000b14ff5417f26e305a5bfcf314dceeb21281e5617ac325f76321$zypffhddde
506,$fd65253c727b1fcf3e8b8b3488e0ac52f44f4f59b9c227b11eda208c7f455d7c$hzcxkdzavp
507,$f290d7db1aa3b8d8983652ebfa0e8f1b2245da038bc3c6feadf41469470b601e$pzjzsfubzw
508,$3cdd8cf1e7ea3144d08af04c7c47e65e21d6a8b3e356faa1346b750ae921da6d$dwrxitdszk
509,$b537d4a49a782c181f13555dd17e0f09b2acd4ea74b9480011831f72defc908e$embbetcxqf
510,$f42940bb9c4896f86d01be7f567cf4469cee1a0e543b26ce791acc9051fe2fc6$sruzxydbih
511,$1aa513567bfb1342897beba49c44e4c51a6db5e39092d52d4314750d2601efd3$ogkwsnzxrt
512,$722566024ebc47ca257558d7e00da817e65528adc067453c9ce093a7ce324966$kedrrfgiqe
513,$5aea114a54fed14410a08102d064a3bf1f1217e400ae07cb51536ea4dc12cb35$gvjnderknr
514,$45df3fedfb747eac9f261eeda464355ebbfeed9140eb9cc8555788b3bae9b664$damydkvmkl
515,$a63fa31887b521c9ae7a4c9fe796314cae86da63684259cfd77fd86333d0098f$wwuvkjcrho
516,$d51c9916ce33976dc98795e95af70659dc449e5fd658a13a59e4d9e3da9c9adf$udokrhziay
517,$f04a9d7a32ac4b7dcb06af67cca2bef3f3095710ac90e2fc868f34eede9f6277$ysimbnunci
518,$5f1de14fa8a4e5eaed25896c65df1a054f85173e751f4bc9921f89db07e4b956$btjeivbusg
519,$da3b84b811d9dbffe73a385fe508f402300ec570266783de6904bae0082aaaa2$diiohpnzea
520,$7f3cfd50631436f43ab87a006739839eac40cce4d41ee57ef3ea47e8e29f8475$hvsydhwdbz
521,$ea8d1d8936c11b9995b970b61cada1521b49f12abd2c26f76bd6146bcbf6c565$erjavfjwux
522,$a8f3854322fb42c37783ec8832e6f6c904decd04a79ece0d369b93bdd8fa23b6$emidizoryk
523,$93aaea663cd4d1e5436fd02f1c79d17a45eea3e1f6e4c5517b14e8db72151975$edqtiuvcwd
524,$2c65c9f1869ea9b65ff7c72906ddead5297825a059558f8d9ee3e620ba72a745$tznfhqhxfz
525,$2d62f5249572b45b3d8d22d70a11dccd1ded970efe07e4952b3ca13c5b7ed15f$ausfrbauvk
526,$90db4a32eda5d7e17caef2dc6c9dfbb2a74c1e4a751ef353a02cacf1c6a4f703$wfsnwtsblc
527,$49c1b19d77e23ea574ec06399ae27f8d71237baef0edd8d0abcb5cd4c724330e$rxyorkmwlf
528,$822f1de31fbe1fad4252f3e90f720d4d872d02a0bc2020761b385241ad158d84$vutzcchoxe
529,$cd552d8dcf77f7d0c597f1e37c725c1072509f48c7cf4253a9e156262110d1f4$aynvcsknfj
530,$85a9cc8b0c61bf3ea976feea8a3ad763202eec68d2807ae9f5c8370095d04044$jcrymrvyfm
531,$2a6cc2e5111cc38ef0628e0fe8037415953cb26065cfcdca3ad0a89886a62c5f$igdlwdbmgx
532,$84091ae76779d61bfc3c6fd94260da5f604a3318d215502f4f3305467d2456a7$mzipdqgxlh
533,$0aae0bd863dd439886bfb3006dbef71fa2e0e3b783a31d4e638db77fe5ea069d$fuqocviium
534,$6bbd72bf3f3bbbd78e3d57fe549c737e7016ce237c9a0c3df81214d5ff9f45b2$wcdolgezhm
535,$2cc6c2b925c7709655305a91e5b44609ac6866a915c104fb45699d5e7607e63c$fotylkrnjn
536,$2eab148d9dc356e8965a87e448ee0afbba373e23dc9e3f2d4d45203d92be0608$njqiahqtua
537,$df748a3794ef5c64cc2e1fed4e75d397950050caad5171811ef7050f2cb9c848$djcvocrwax
538,$2266d877ae372b0b46eab423c50deb6f676c27863551e58e06a096d42ca8ecaf$cfrmdzqhki
539,$9672e71160d0a4cd79821ed3f8f98862799ad4c48b5b3a4469c97cf9a6a6bdf2$rvfhjbhufk
540,$004dc73fe251a52517d646e204104472562f54ab61f5413ace675152f5886556$hkbbpikuar
541,$1fa6bb053b4a144d447e3b776d517d37aeb0ed7c1edf9b7774f01fd3c0a9b02f$nsjjngsrpc
542,$11acaa6f25c3ef061c73b0a488df7cbef0cef76180798f113c71d854b99d13b0$nveouxymqr
543,$eb7305718e030be2d94f32618746b5a414b5f4c538f2342c8cee7c80275978f3$zicystibqa
544,$c48e8af9ccf49976e57fb2a170ef3f69ae51bd5fd6834f27a873148426ca72b5$mavypvmuxf
545,$cb19681e6235006857ba0f542a1ee7fee2ce435b1c250336624ec2eea639b486$jxaksxccmm
546,$e5fdaba609e4f84411db45fadf026b64f3890e171296e63215f5fddf4e52ee90$wyrmvirlcg
547,$7a19605694618f9f6463b80407f2ee501a1f5c6e5212251f0ee6be4274eedb3a$rabuxhyzjz
548,$a0ddf5c9d3f6b336d24833f4ef66fc7ec138901ad334e580143a8ddb2d2fd34b$pczgjaohdy
549,$640f598372dc04daeb075c259997f6efcbd491c6ea9d5cadc920fb8b0d756225$wkdsxumoqe
550,$67a48231d1958a0a61310e1ddb34030aa9eea717882d61ab94b7a96d083fef5a$lswikuumaj
551,$e74b33e0eabf9f849349bb5c3f776a96ef8a663a84322aa9eacd006f4d393fba$qaglzoyisi
552,$a40fea9f6cba789c2d98856ee7fae16a4d3ee5a3cad031057ef68ef15bf7c395$hewagxgjpc
553,$5f5517fc55081df739a6c75f9190c37b6656b5410074eb93f315981863ae2bb0$hnwqonspxz
554,$9bf5a4a857c3062b92e496851219ce1e47ceeb1d59eb12a333b5d1e74975acb1$xguerliflx
555,$5e923f2e2b599d7e89f0e898aca9ba85318b53028ad0f0b1399d782bb2aeee06$qwohabugsg
556,$dd0406357a1de061af63cf417d01a7b60911d4972f9712744c9ce31fda6ff0b8$txzvbfogta
557,$65a108a0fa34de7984504d97579e952aba5cef168afd7f9898cf939695f02343$vurqrpuiru
558,$1c0668059e89d1732bc1e2415745482c7031eeb1864190a6591a0b0475c6d32b$prhghlximr
559,$4be3a917f47fb3298cca5c5fda80048cf74d5b37f8d61d526f9d5b397956ba46$jtwqwqhoul
560,$8486d17507805647ac97f40b3159b5c5013c952964e05b657de4bef3ce1dfb2c$jkaaoictoe
561,$12bbd306080b5b242d170cbfb81a0ae9305dfad09f6bceb6d6ddea640325adef$awlsfrvyqf
562,$e1eb0da58d7ce8ba09a9abddb674bc3a09d37e5db833c84ed06429a6f1efeb0e$oqgsaybyoh
563,$885d182ba4cd1f0244d98de660d2df10797f2fe5c75922e1dfca5ddc9cb53814$blxfcqygwu
564,$5cd893cb34776942f4ee000c011d600423450afd1b4c79c053aff05b70b95a3a$dviovwwlkk
565,$5a5890702f41158e3c103f3a2f07d1d16fe73dedd5bf4a228ee0840c640d5112$jnnfzwuate
566,$4d13d51b8fc39e49a9cf70ab218d252a964d04d60c8b075f0b61383d11422c4d$dmbsyeluka
567,$2b462bdf92a146fe5e2f3105f08531156926565485cf540a3ea710637fee2b42$imjbrqarfd
568,$11d913cd06650a3806a9cc573a53bec03050a47b4699ad3d13ea04c22d382ef7$zqnofnbubk
569,$283228cecfa9168d62a3317f653599d3383bb2c5002c26235197229aa14a6940$dnjbqqtsle
570,$06b8964ff6074d8594f6a3e2b5372eabb6ba98283e077be01e0ed9e7efa2eafd$eqgpgonmuz
571,$ad6c70b125d8160a171b4ea526b0d1c4cbcba27924697e75fd4c9ef69a18a433$isbkswiyjl
572,$70f919a0de7ec6f1870891ab95b627c31cbe58b5bd3c9dbd21669ae7b4245e88$ccipfnnhfl
573,$5ab7b65043103c8f7db3583850f48ab6637f226d072837c1ad5c67c612231c36$ejhdgjjehf
574,$ef2ad432365442af51772ce47a5c39c545ab4d5e6416fa82ccaebddc3f6185b0$smxteeuilo
575,$33a3fa081014a6357bca78a94e19dea56dbadfde0fd04c45c20eb19e1d21b21e$pmvafhtlbi
576,$18b496069457237f6140ae1400959837ab2494d075c9852ce0206db3507e83e6$hulnrlqbpq
577,$ab2da04c977afdcf2ffb8cc9efea2fe6eae397d59ad918eed7a1f136b6c5f3cf$vbsibdjyjf
578,$3de39cc7a679bef1e9da53d0b38635ec31454a0acbaba2123d17a13a61a0c737$eybpoqcjbv
579,$5d4b325bb4a641f0bfafec01a36c306875d3ede03f7eb67e2b401e5fac8c3c55$pnyjvgxlyl
580,$01ac86bc5ebae7da8f544719c5724060753213721a97cd3608fa0e5f93fd01c1$gdlqxtfidr
581,$cb419ab600fe9fd4c247efc59671631cb2cff720e4b336d4e105ad4b1d4e3f38$hzpathkbbu
582,$fdd9fc82a716f79641fa1ab31064bbc6b2485801ed3486b211c0a5c1c2bfdbbd$xafuqesoyf
583,$6b1ee94a5cbe42a8b90805bcd17814744d4c2aba840c525904c9c5118b63de60$vpafdhnlxo
584,$27cb7f5e26521b5588e50ce03a93d22a25ac7c0b86ec4458ed3110209f18cec2$dfecpkzvge
585,$4c48146e1989a7d0642ee96d034e61a56372d7d6fd09c6fc75300b4060d017d0$xbntnfvszc
586,$d058c9830044d631ce1f87d4ab82b9413d857e321f70f1e5b9fb90addc56833d$hvwlpehtyq
587,$d8b59d43a8d9025a71ab0962206e2a557d089e0f592a0a89baccdc73e98ffb40$kdnwrobuef
588,$d4568738b905cedb8517c8d4b08395b31bac22f9d5d53693153f44d14b0efb40$ozuuncxezu
589,$a9f2312d6051dd9ece13a7bd65f992bab73f792542b5603645dd00f7fa7fa1ee$salufuabhn
590,$eec22f7b516f11ba4b082943736f33fa41d40e5b38f684ee0e6fb1accb3856f3$apadawrlpf
591,$46e436a7ced9016be181ff80d0f25e9bd28c275026aaaa2b6918c1e22fb311db$xkegrvldbr
592,$af75b7f719f28cb39d91d9640ccafbf76e303ef2b4a3ca407a59ca925672a39b$ycbngvrelj
593,$5030a1c694f75fb1e6d6cd025c8aebbc18bb8ab714324469df235cc80e985901$autcnforea
594,$c620ce1d2f6a3a6d76397f435a73ac2e4e0957a5813b7c1991863d4ef0db9f70$niwnzzzaus
595,$b9fd3e0f81cc6cfb741b8174df38a99fa688f808445165df7df5214399a4495a$jdupuceakf
596,$fea1fa50e070999e3eb293892b19384c727ec100378735b12d95ff112a61a1c3$dhbadustuf
597,$81146ca43e61caf10bdf754f4660ab2e6bf8a110ba8fb6ff40d356b64d44e978$hwpbqnnvmw
598,$d62d716f4c727b90b3a30c56377a34c36b179925db265f58688629ba4b5a0897$qjqndbfrtb
599,$63b65e76a59cd0b60e899a58092db2bdfe32c600bbf616d1a675b85f8c906b35$vjfqelqgzj
600,$15a047276a826123fa20831ecec0bd78cefe26da535e2052519923b5dc83bf8d$bupmoydhvo
601,$2dca299de05409807b1ccd4db8d5b732b9dab41dd534931150ba5ba8f1886b77$mucdpabtwr
602,$3c8db62a3b84a245e0eb24fc37625d57c82ebd26809e120d8a0e2cec7452580f$oymnnmscke
603,$e2daca2a39cf11073538d653ab7dac3764222108cbd1ebb79bd1c4c30d69a1fc$ratscksimp
604,$c079b6eb771bc16c135952086e3226905a3c26774c68d1666d4e6737fb80bba0$eohllulwww
605,$1d6b36482df04d30f3f5c44acc5d17751b0292bcb6342f15f2518ae4ce5bf947$dxmdvcmlwv
606,$9a04817ba5b2f1ae2c3302861ff97b17564afe03c3c9ab908bb39143bad4e45b$lzfchrvdzj
607,$6c6a84148b3f29f112c280c81c4795868dde2b0d64c72e61cb194b9a83cf5a6f$cnvgvljdqv
608,$b53b726829a934726efabe8e722223bdf1a43f633cac6930ba3706aa929705c0$pqjluuvaqw
609,$7bc6dd569a4ae9d8ec8737935717bfc243e85189894dab6dced33c9f20899bf3$ojvrngqvia
610,$561062b91dd52cb0da94b63af90169ecc8630597f4e4d2d3465f665efa802c26$utfztwwilo
611,$3160f61165fa6541abc11a3fa3805bcbebc02f4f3b45d9b2e3a8c99022044294$ymyzgpflln
612,$27bb61ac7cdda697b0c04be0f8e2d353caeb5bf6ec00e262540a170f212e89b6$cibmbnvyrk
613,$c4c3ccbc0943bed3299643348c2500392745778ea01d90ceae5d0d9fd6580900$lhjnkmqdol
614,$5903e4ea4d12abcbb0b04b687a9a788ab71fa560d2f8a4b5625cc9fdab5073e2$optlvirwpo
615,$348c08511ac5c6ebab9b2294452941c1c66057fa7c8aa3e45ed3903d8dd9b291$ecizipssll
616,$baf774c93403bdf2a1ba950f6568cf9a8d0ec5c9983fb11fb8f0786ac80b85a0$rpiiuhieny
617,$6bdb977fdde24127ba2f4fb31cce6130a076f8f4848e15a4e70bd1a91397837d$igosdccntm
618,$cbd7721e6f3b75f4e3f584fbbc0675a16a67a454054f27dbeb3ab4153988d77f$znkayeeupb
619,$49de7a0f605c355e56c3c50e048241666b2c4b6097d6f6ea91f02cc5d820c592$uktrdmpwho
620,$e02b6b78fa79b271d9ed106e882cac59ea1e09d92e80d4fb39ccbf018f880c25$rubwcqralh
621,$123e2ba65e546b9909f67b3885a4734ef8ebe892503fe228b7e2cda1f9c180d2$ujetlghofd
622,$44dbdf8e5d6d9c8697a4f1a9d7fc756c8514cada219d91d2353eb498e9788da6$nhwpwxycce
623,$d23c25ecfe41bface78ec24c69b8d428c16aa3cb8f56252ad3ba3e604b9e64f7$ohlmowwfny
624,$fe80dd64c59209892858a48feba08aaa8c7a26d42873bb6ccbd7cec2752a7b30$mkfxawymns
625,$080a65ec0231e442697bba2abb67bbfbcb9e9c183cf4e9e24a2913fe17ba4011$ahvmehkjvs
626,$6a599c63343745aa9eefa77812db65b812b06c4b1b09285a2857fde51b886374$txgxsecrbu
627,$5d19e203d6d86a4ceab097469b6b201b09c3e9f00ce58fbc7051ae848f3085b9$eywvnayrsp
628,$dff565422c442d3854f7af26939fb2dbffd6c044f6b109aa137339ed59b474fb$jynqixsbmc
629,$7319393954454260a1511eec7e9af5305f934cfcc9c51c7aa299e1265aa75923$rbpcjqkjpq
630,$6f1f92ba7d1c511eea6772913aa33795dd51a9137f0ba1cae7abb77d294229bc$zjncwdgpsh
631,$fa861c8034557b39528e97cc91adf7ead82c73afa2fa4faa78a63d4aa11bc9d8$xxrjcdmgyc
632,$1ddfca2a4476a5a7007ef079aa57238e69ef848934c2afd4acfef1f38aa02e9c$oplfpjeuda
633,$73ea0b8ba7594b6c9fae05d46be9b03171f9a451b4d0bf77a06a3afb1d92e551$imztjzhkkh
634,$d85257c67353c8a77bf98506a6192c56d7104e310149067dedc0277ed0fb77aa$iwtgczpqmf
635,$da534bb402d4563be13806bb6ab7b3a200ad20a8482fbfbd7f37c186c985779d$tgqiqoftpa
636,$15da1a0bc96b1f78b9114ed4809fae00a7ce43a367c72d5369b7b128bca87c93$zpqlxmoemi
637,$e32ad21b62919efd6bd765580f197ae3da79d472960a548921d6f4b8264f8386$fuqhwllemx
638,$6c7948a64b9bf907444c3350f0e2cc95255efae4d03efb18de1f634516e13121$bvrseoicha
639,$962c9dbeef210514b4fff79ddd6e9e9a7575ad274e9a4d2e564d5b83d99d722c$cjxjajqlqj
640,$0098637a7a351c682a5b183f2b5a571c7858f01d07fa84697ec7bae383492ce1$xlhrsovrkd
641,$009d92aa6913ca9f36b8283b5fcaca5ec0a4f0f636dad6cb78d26052b7891d73$cvzepakgbt
642,$db54895a2ea5ba623b2cfa28a81515713063af6e19f35a72d91856dda970ba23$ffjyeuevbe
643,$98497483c5259b888b2abe5deaf530ab243e819a02fd7d9acbde6f5a95e99526$idddcqdifk
644,$17f3ed7ee8d68b900d12161ed7eea492f7a7898d6d4328660eb10a3502d14f30$jvhsywscke
645,$5969f7bb5e75b9da33a79a92fc29fd4f9feee64ddc0e00cfe977f72bb9d5371c$sievclmhtr
646,$2b18e0282a919ca284a2000bce3a97aa6fcea9c734bc5b51061e21da7b4885d9$uztviseahz
647,$b60d3b838f5a3384d09bf14b88d255baa9b529787f330651230176d01a801b54$dqvjgaimos
648,$7be4289d18f2b0bfb410e4106665fc592078f68bf3395389926262e0dd5e3e8a$cbehlshvqx
649,$fedfbc70279f28b497c97cbc41c2cadafc2b6a16d4185dbe2eb97d95ad1c47d1$afgzakiuzr
650,$082fbe24a806da2a37a875341df3f885d9092f02377f289205109650a8958d5b$kzmugkagra
651,$a819619319fd3af480430b81a5dc8d78d061b17b4dba3ae6f3b91b43ac33a06c$iwcapfnbbh
652,$f07327d447e1e2ce2de95fe837628074096a8de0e0be3393607663dbec2d5b09$oracncdsno
653,$0f8251767972d0bdaa0134b60c92a77ab163ffb196a6d069cfed091f2e2961a4$bzkhszanuq
654,$3d97d258a9ca0f624c4fc233775215ef38e41658ae8ab194903d6a26bc35f446$ojibxayjxh
655,$51d7f399fab799b44087980bad4275325a45b11b24ea4fa32293e4efe5d4cb78$vaeiftbcte
656,$30a8984e747d52bca0132d37e5a89907ea62cfc7b223cee279282cbb8e733208$zlxtpjykmg
657,$5dd18f1c1acd79c261e0db0348c92ee614b30b440c1fb181cc6906d11ce13cfc$bnsmdthwny
658,$2ec188878c19c00d5d7d66e6def854a915d7e9b12a0f80f1b24ce22131142f73$ymmzpexqpl
659,$998e295144e65e2a4936c66682c3b23d065091053f0fec803581bca51c38f047$czrhdmwila
660,$8bef0824a33141fdab5c6603240414271fe4fa4a79a1d6d8348005c11839aca4$ehtfhowdkt
661,$baa3e1ccbf05dbd5e4f6a8450eb7c257ae8e378e60ddc65bb4d0af3bcd993e7c$ophgjeyslr
662,$d1fd07d22f28c52110e3744e0dde3e625ec3f065d9dc046b02312999113e788b$aatiqhtafa
663,$8460a40487de8d68d554ec52bfe572be1268fd7c4f7fe923277b405782219de6$dilpywkpcv
664,$8a4ab4d50142c5b3225f7d97616d726b2f9dc2084bd02c164faa1cfe7cdfbf6c$mlwysdgtnz
665,$634c185ed41f26c70cb0bff29e485878734adc3834bb928e32c4593bedd3b596$dwopyinuei
666,$8c7f693e76d024865c571d78ad821616e3240c6181806728f10ce9f97882d141$rnyxzaqlno
667,$623ef86f989278d776b5b7441fd2a85545d7457c14d5bcd88875141b6ec0354d$pgtecoyqby
668,$f4812d1502560c7cbc3fd65a031754ed2d6e762d4c659924c3ecf5944f5fb78c$svixtyuphg
669,$6a08c87176eb7a1666a4ff8c4b6ec4b5256f1e95f7e4648a63b3572bf2fef6df$macjomswle
670,$a973d84fb893bcf433c874908c409b4ed261837140ffea469ddaed00e76075f3$dcersupcbe
671,$f4e598985dd558456679bf553a862d23bae3c58b1eadcf5f47c05ce03450944b$kgkmunjzwx
672,$1e6f875ada948d75904743c33e405ca61518b4150da37c11f11e3874dd583083$congpsvgyp
673,$84a9a36d4a15fc1081ae2e46ad4a6f6dda443c4fbc4558e6cd59ac875a56a870$jojgwfougr
674,$f457dd64f7f334b953d2ff76d7ec2db758ca9b586fa846bfbb1a337a38684946$kirdrotwrw
675,$231ffc8d69ba6744e57b0ed6e033db448917b781049838490682703e77a37cf4$lvvjstmecb
676,$3b0d4edc230fa80ef7801bbd07967c4829a897c1fbb07b0d680a19f9b0460be7$peogysfetj
677,$efef4fbd0e4d2121481b61f4efa34a2cfe20ffb934db92e0c83924e24e080d26$sqxiginzcs
678,$8ddcdc11cc84ae53680ac60b98da4a16779ece14e54ed4139f4dbb24253e1d9a$ciremaapqo
679,$098e30af529fe937a3bd985ffbcd6e0e406f8012cd674581b4e13676c2249d9d$luifpadtbs
680,$97f7b89f32ac208805beae35a1153dd2f8e8bdeacdac32c70cded3d9d7676426$saxsfpelle
681,$ae4e2c856af526db7326e283f63461e453e65f3d77975b88d762253860220489$gnjhukxvsv
682,$d875820e690d9b22f3566d9d5f2899f6db58f39ad5fdccc832fd45fbbd7b96e1$pwijnspinu
683,$f4e4a7b3545fc339e3785d435cf327c8df63eca42abbc6280f85ec2188124559$evkhhtvcaw
684,$1285c6a097524c48dcd589ab3081bc298a4b0bbe9a5464103c8133bb818ee9f3$nhvyfmnxxw
685,$aa867909515b0f3b5c05269f390cd0ff709f27d6779e01cff74654faec74cf8b$himasncfwn
686,$91f8527f907301d35422a51d5f8d60bd4bb3f38bfed1ea1ab75d80c6c77147d0$blospkvlzn
687,$4c6cc0c6139ee30c7a073c0152dbe812ccfc0c9bcea7851fbd35190b0d29e6ec$rlwisufcju
688,$74806c87cef2a7269fdf6b38eb15c875eccf2f1a0e1d3d8cd98752565b7fe64a$maabacewhi
689,$3b9b91d2af631410f8e1460bc047188b465a8ed1ea2688a5e4783c9aaf3231da$ewphnanvsi
690,$931fd6b84a6904d284e43218c0d4a1ba3e7843c4ca14fd2ca36066768c72aeaa$ybncucgpji
691,$589b206a0b192cbd1af3978bfebf3337a5b227d359b9fbec7fb7573576bfef93$jczrrotbwq
692,$bb619830c9ead9a589d659a1dc882f1a086aef9da96ad07e6d15d8ef559fd71d$utlbiloxkj
693,$e12a7a7a7a194c8316dcee8e26e306e507ca8f8335fa30372b7b1013b5e011c6$olhejlzhyj
694,$1e25f9834bdcd27b1178e628726b914eb464a35d4c8bff764be36dccb06eb517$uqemborgbd
695,$26ad8aaa17bee92f7502da4c272fd0ee43192c86847798975999c54c454cabc6$yqfeqrfqff
696,$d554fd5db989cc2fe9258ec0be2ea4ec4b7ebf8276c1db7c1e3d7e060ae747d2$gxpufsimrg
697,$0d0495c57766f92b08f45df8c069f8999027946704b453a3b7660c2bd0b22685$twxlhjxtne
698,$dec9aea65a85b24654fc44861521b28ae59675eee68c4c7ff57834b01e89d41a$nmnlpvzpch
699,$ce6936835060a537589c397561c4e20ff13b453bb5c487d5621b2c078bb8ba99$nfquxovtbi
700,$3294710a7d9564d486b3144717d2ff331a8f644524dd8bb1d1872b14555a6af1$ashsdwzkju
701,$94e76e5fda0afc5e100f4f280743f5e645829cf27b0327c5498c37b2dffb681d$vvgvdbvbqm
702,$de5d69466064969380978e434e08cbd0a6744ea1ee9191484ac096d4895ad8e5$cxhyolmutz
703,$8429a16c38d53c5c372a3d5b44f51528ac25f8127c91a35bf96fc8dbde5ab84a$crhgrcyyfq
704,$e15812e5a50cf1d8a6c07f42d8512daa6d3305af8d8e6217d4c4cdd5c1be1db2$jwyrlkylvf
705,$3490d2f67608e87882d4694beef9041bf3ec8b80346badd0aae3c8315b75ef0b$inaotkekht
706,$ddc628cad5a34a058c7840314b7c4e090161d9e7e828e1a67f1953676d212e3a$mfecolehos
707,$cb7ed39c5b5ed1478cf77160bc0b40fa3b86b47ac86ae21299f8fdd39308034d$zlbkurdkrz
708,$1a51dc8feeb0a7e2848576fe138726fdd3b4c61e4817d62947653b8f1f3cc428$jpkuenljye
709,$4113fca4906fc269fa2d66830f3d730160c294682f2c85bc1ad97e1231961674$rrmtgauord
710,$7804f0589d41518bd89a05ff9d3a17066850c896d435a41cb9d6f9a3689242d6$ezdugjgtpg
711,$fbe15aa1243c42f0bdbabf0fcf7a268df0f7444436cf6100c32f3a1b952c0a19$taicajvsks
712,$04d83453454585fe73d5ebf387fdadee553d790f6166a660ed1ffc99eaf9ebcd$nfcmpginji
713,$c500b3654389932c53fd47cfc59f4b2c14f5ff8ad17e938578561b366566f9ea$okvantzmuj
714,$f5d1e46c6d4444122bc9710439feda1ba0948ffe8d5703139284f55d67a53d35$bswqmuhdug
715,$95f2ed4bece4b1d1b4b2fbb9d06d461312320fbecaf1b83a3a8cd6840a377ed6$emjdcehhjf
716,$cdd2c5176d72d4403f6d69f18415ea07c29d5690083fa507dc7abbd481bc257c$dwatrzbyms
717,$8fe3415238d5fe57568033abefbec3b08de4fc722510ec9f7da2f135bac5a89c$bshdelcwfu
718,$29790c951ed456c4f72b8d893e3604db074bb0fa870fbced83dd38ccd9b206e1$iobuqjdsge
719,$f8b06b03651e011772b45d809a57919623fb8382c31e546ef6a8b7a9b1be6ea2$jahlnqyvav
720,$5ebd5534ee9393d4b91d27e2542707f85637ef8773ad901547b1701e9c1976e2$hhgbygljoa
721,$79dbd7984c9a7478354b2d1454c3de49ec4759e02bb3e9c7408b4e68cfecee77$dvbkstmyrj
722,$fc8318d66b535af3e6e01e9ea661084b4aa512f3c6c618b730a3d3bc0b6b8169$vijswmgelo
723,$80590afda70eba2f6f42eb3b1ab76c9900611dd463e010504ad1449a266f15c8$snbwwbrmmr
724,$c988d134b630930ec365f3b8b668544133b1a27769ef779d527af66f77f9d7fc$krbhbuzdqz
725,$aa81a1d9218299c312bd0b83ac05dc6330b1b1305f60cf04176ba1c605934e76$bzbukjmqav
726,$1037ea74f3fe0a7deb5c50c08b5726d51f65b701b44465132342e44f652747bd$swxilbcpba
727,$c9c4951cd0ac7471139025c2fe64714c1072a972829c182db2dfdaf6a37d544c$guzrhjwqlx
728,$4eebf59039c3132fb261a1f10a173fefa96541d83d9b06c4ea83779fbad006b0$qwoiizpcmb
729,$895ff544d1f6e6740bdcc1bcae306895ff9fee5110ff242c358cc08f10eb6ca0$smdhijkgrt
730,$67f078681652b0905c9f02092b89f65f652ddaecf6001e26fbf35969eb57a604$ilozjfuhom
731,$c0e7e1128c6ff1ddad9d70b701fd9ed1e6387101f2047df3162c4b54cbb8dc01$yyoatwiohl
732,$7783897c9ebccc909361477506563341d945a62ad63be140af1978bbf8dfa4c4$iboumirpja
733,$58b0fb0ae5e6bfd5a46d8f6193ba6e901eb88d57a5cbb4fae61875402ff33577$ayymrwphsw
734,$9d4e04da737d3698b71263636c66dcc95939edabc07a63b7e2b42031b719cf0b$odjaoojuwt
735,$495fa0e6c144bccacddab2a86c353235fcca8d36d1906ebb647c0ed23291648a$xnlmdfksnj
736,$8b759693615ebb46cb9f44898e88cbf29104ef591488be0703eb1be9933eabb5$xdttaehxfx
737,$f394b312e807f6a21f38e4784d3c5fea073ceb896318efade42231ebfd4300cd$odpsyvgjqb
738,$444f7a6837841534d5fa57c7738beb1381d948b154a4e2077d4c62efa8857cdc$jgubknxolf
739,$30583567e10df3e284020789286e0efc6cec2e282b7f8aa95aedcd8d0db79cd8$cztcycnbte
740,$41dd79c3d7e1fe83e7c8a0dfa3c906c529ab3439a781d6341d0d26a9fe50351a$vtexmpqihj
741,$f5494b85f52f0e43dc5a3fbdf23149653c6cc7dda5ce061732a4a3cfcd2536f5$xnqbcfjfoe
742,$519ed17d515f267e02799641c438ac5c347a0e60985157cebf10ea266f5a1e25$urdyvhhzep
743,$7d53c38de5c9d6fb762fb3c2f1147c8788142c8a01fda1dc305c75e553af048c$brawfnnaho
744,$840837b4afc65cf418db37b094172756547a33190847d88518d6f7462ee51a0c$excywthjdu
745,$9fdd226eb6f437166a35a841d2a4a72adf6e9ca2d94043f825958b57fcfcc954$ssoaadkshx
746,$18b98882a5e572a4c454c1e4ccb4ee30893c796d2895b554e854b335974c2857$wlseahektt
747,$0908e449345c5aceda6a257f34cec018af573c46bf4eaa93573be2954b71cd6d$levsfwktme
748,$dc37105aea50948aa668739e64f1b52f468d99819d5718ece5a5b52b1594651d$ovjfbxmzri
749,$b0793f59bca5266340de12d964f251cc8385d5997eb647be5331302e6b5159ce$jasddiyimy
750,$75e5f2a0c11de4afb8779e97451c389d71a6d8c3011c14d2f3009254fcc73658$dlshydmkqj
751,$b72cea98c285e9f5492aecb501ae700bfdcedfebad091c58a673c1f90f098f95$wvrdbqulay
752,$c41fd02d604618bc4dfaf7231a2ddcf39365462631373855bba9a9615897f8a9$kbudngbnlr
753,$c3f04c2c1fd32053d1a4ddd1756fbd160936a306f82c8758830aee5f8a28986a$jnfdreoonc
754,$9ac10b00ecaf37cdad985524dabc8a663a1be35a8ef5056b9118b94a10ef5a66$jzlljbmwoo
755,$17068c73ba1a3fe575e05215989ae04b603d613dac99219cfacb3832763a8f74$zhsfettjhf
756,$fb7ddc929f1d6604651763e3ddfc924a2783e090492b9a080e744ae410797713$hjuxnygvfw
757,$8bb065aaa95a8a59c94cfa4d3d0e9c3016ff84745615d0d353f33a42cd31b838$rnygwsqgio
758,$1295c7829966b26f830b9bbf62664b9d9118b5ab2a7d2e162a633727169b4161$bhldtautsl
759,$fbdd3886273bd8390baa6c8718c7f8e3fb0014c13ecbd20f23c3943bfe0ed08a$vkxqtxfxdj
760,$f0066376de4b8e3286d8397ee589829c0ddea4da0ce751e503516fdb8bc5ff32$wjlqxsobtr
761,$0ee4295c3b2725f42a258d1c654bf9784d62e18cff532887758447ae6977bc85$jkfhppkobg
762,$75d1933d551864c2a93770a1ed16ecda6a09df4bbd0354fa6780bc3dd6de3a95$uehnjngvhe
763,$fff45a8bd28d67938e23b623b215faf12a5127aebece9aadeac75b53d747ee54$lkwpjtqmfg
764,$fcd1a3d14f853a4773cbcb3d9a1675eccfadc43cb7aceea525c0abc92e14cd06$fgfabzhwvx
765,$1d05fd424338fa39814dadd4a77c1448eac169710e0703dc9ad6c55f31ea87f3$mqbuamcqbg
766,$54a77f6b226f29d47e4b98a718e3d43a42111d2dfc1ae7b8706c3aebf4b55e52$lpoxaunfts
767,$998b1f390395fab788903f8ce449c22acc9c9cdd233a6074d204f44846856991$updgiyquhi
768,$bf732b0e8836a8b57192520e0ff39abb966cdc0799c1a5e155143fb89ac1a3bc$siqoaixctf
769,$b64b107a019f9002aa9f6a0a6884e442aeb1bf44effce8134c957271b5f45aeb$itdqriyelp
770,$14fa2729676cffad00588b763a482611d151a7a470cefad055a88b428db5e864$izvqojaosg
771,$053758b73c7b7f11b5ec16a99bcd55c8efa38f36a0a5c6fa6d36c82a7d29e8ac$zubdvgkaaj
772,$ed162a2990dd500b5bff288c67e1400020da30a4be8b6b7ecb08d8cd1758528a$mthyegdxny
773,$29c9a3296b8c09e76a7bf43f979e831fe52387dac027532ced22e7138e8d1a86$qsqqoufzhm
774,$39de4b469ee4e272df4c9239bbd623346eaf0e1bd1dd5726ebe0e15388238461$fdkyuogebe
775,$6fdd6ad251cd7da7db4f3976a792cb91f6ddaa2c60c26532b99b82b48953cf01$bcxfykqver
776,$1bdaf2db8ca793be35fb7c1fd524d168b3a1bdacf9fd9f02d7c94ca36dcb4848$rskogsbkae
777,$43da105ba27786569638a635c09c9bb5bd072e0055155514f718e8b364962a00$lndgzmkvba
778,$05ac1ad2b0bd97aad990203955fb598d17d77a653b13759ffebd071acaed1664$gvcoodswjq
779,$b77c4cbd1bd79ca9a3b99659afcc8c7298c9906685a039e4e0b0924d6f0cd5ef$yyxfgcybzh
780,$57a05606d68887ad67a2df5d898d9c9facdf1345faef5be7bfa3c0389aeed394$syfkzsbjqm
781,$d9373199c8d66d3aef13c5fea464e7c6669391d69fcf91e616feee88b1e0e1f2$ozrpymbour
782,$1e40ca83302173658c6c5daf081fdf0b51740334ebac23ca89a434fdc2def602$zgvyobwvri
783,$dd3970b001449a3d01edc06d328c21418e8856cb71bf98908982f80f43e3fdb0$dnxvvgsnvo
784,$7864920735e20c0ca183bc94d6d120b5b538adfd251691bf9c25b080d0056d78$kvajfavolf
785,$60c9e53efe721efe51a7c20d9116c13b3655c0872da25150f86e614fba2f8635$gyhroezvzj
786,$8efb2f924d888f66d831a3fecd90c03d162ddd5c12db596c4d4015393fadc3c9$rkuybmxwcg
787,$7150fa51626d14f24b0d9c0f549a980399a9d715d5e6a9b7889f3c5db9961a07$megouvymao
788,$4d7ddb4cc34e20fa345273372ecc070d54ee78a0203969ad244666fbfd40f495$tyyihrmnrb
789,$fa2edbda82aec57de7a3c0dfcfc2389c789f640f2b75082b885e083c9c9dd090$iiamcjhfnz
790,$8fa6491666426e2c0ae8ae2af9ccf02489d2878a4c38aece6493379f90fa1859$zcgjsdadca
791,$4d669fdfa9daba24ea96289d4fe88f8829b24868ababa23eb5c78eaee6d6d077$wzflbiwpvl
792,$dd4069e5bce80c423a02128ac6126b902587d58c23bfcbf73e550c173fbf7dcf$sbkocjlmii
793,$e1a5fa30f3ecbfb4dd3ca80ae6952c7a88c025591e2e542318635b12158ec7ec$lxeljuczlr
794,$c19b564d1c50f61990ace9a2a3a367355321b1f97be54ca0ee3ad388734f2b03$nrbtkdiouj
795,$e84d6f22a3fd80558369fa9a1b3effcd4118c48499a383fb267db524dd2c1cca$kizglgggdr
796,$ff38dd91007f81b7a82b4add86c85acdf81f0e8d0f91e67a39ac33b14da6026f$lvrggezvlm
797,$7405b8419cb0864c7f4abc037eb8f2b43a76388eff1e08949c83b2e672e8ff09$aalbnvabiv
798,$58699316c1c1624cedc16f92ddfe902506df21a1743f908eaaf0395649161a05$gpasbtqugx
799,$e41647459975e8007743a5ef91d036d48c0a92c1244c6f83162231fc95fc3a56$krulmsaddp
800,$933bf3754ad58a962222e0fd59737fd1c66870a4f2815cb9b4e384c8c083e56c$zaxjolyfmr
801,$73b011474bca0d753ee7000f07a0e6f96502e32535059c3581a666d2ca46963c$invqfktkzc
802,$5283da23c48884ab736aedee426218ddf79b22b0cd0b18b54baf36f37c96f595$infpomddiu
803,$70b1bfb0933ee90d1d73240df7e9bee7e94ce87e9b3ab10657eefd8a3f5b6785$sujedqzgdk
804,$31ff4f930c5e0dc4d77cc787a116a386c988d3a6f660b665fc15f6313cd3c3e9$iznvyzanwr
805,$ccfc4facfbbf0aef2a84c6ba679f2e9ee5c70e5c3b826bef886e9f7dc55e75cc$mschrkrdsv
806,$7ebf09b96ffeda8ca54fbe9903171094daab4dcd8d8b7ab2de3f816ae259b2d7$cvijqafmbn
807,$61ab9e9ee34aede9256f5a6b6683cc3b5b363c457a42ef590e09fe437a380706$pfnbyvgxhi
808,$940220029fafdf9bc6083b7dfa76a33382b0a04631bf56c35135f57b0f0c9924$ejtvdgrngb
809,$3b5e149b4940c343ebcd1cd875649264ed79e995e3ba2c00a3176b5e7a010d7f$avxodhruay
810,$a8ffd2e54dcfe1c84b5d8b4f5614a3f528217f10a13f43c140cb06490d2b7bf9$etdzfgvowp
811,$cf3b64314dca51e51b62213c4db23c920ddf0b9f63fae0a8b6aa17ce44e37da2$snwepcdbqm
812,$d45742c510049e858c3c3531f50820f3b4cbcdb74b7d9d07ee12f45cf9b69188$gdwpwmpsqd
813,$f2db45eb1680b5e5964ae328d2c7d6bbdefb489ca2f8a4ede12e002b4db88a50$rmqnrnhfpa
814,$d9c07fea6682686bac046cf60aa10694aecc22db5f6fe7f7b1b26200985130ff$euamqkcdkh
815,$b6ea71981cd2e0d22563039a132a7919679a00179fb1457528040516f2ce60e0$tkhmfltxex
816,$5ed3f92e285f42d6edaa117bf311a9eaf3650cc57d9ef354d662167e56678204$zvfoaslwjb
817,$e442f8e96b2a696dab112a1fa1ac6e49b8df7739eec3f8a25406062574bb8408$ikjzghfkcy
818,$e2760da198e63ca38dfddcb2e346862ba71ef7d202824b7310b1a0836022ce5f$yrgbygrvbx
819,$ed9fc48e4c868814295c91bb658869a8809bd8916a1942d208113ebfdb1bf867$odkzbucoxk
820,$b1c73511ecfa202a629a82b518f61e9002b20242fb845d35d12e2b3e4123be1d$qfozunmcts
821,$380cc670152a6bf0fa6e7b850c0e30473614cc0d63668d8f86b17774b55a773b$iblamaysmn
822,$23625281cb84d7bf3d5dd552c3b44aaa34832d959e99c6a6d582155f40377f05$nbsrplwdfh
823,$947b1fb5d3214682776772930725e08ac38ed124ac22b84ca639a3f899d93ac7$iigkajholf
824,$31db727ae5ee63fd9067107a9a32ab9655964e19152855aba698da192edbe9b3$llwexybsmp
825,$b020ddbf54ece78aaae95944d2a147a65fdab1d740cdeee202f842d52e5179b1$sdxmcbbkog
826,$9aae725bfa203cf457d49a207f2ccc4d33507468191154bf2d5cc4149c6e8ff3$qugzaujdcm
827,$0f561e23412bd3f2d04cdc2471c6d155879c1cb8363bcdf944cff0b7ac0311e1$uxulyxyttj
828,$8127c26e51fd02e5ca886cdb02c6bcbc707274ff47d7b1dbcb7beb28987dbb7a$yswqoemzsy
829,$31b79622d68fe762366a7e3f8520198bc4e6b65b5c2aacce92a9f2ef93d85807$vsyejpyjwj
830,$6d87d4ccfee913d37cc1b2f81ce4444d148cb93ac842cafc427da9740f930c4a$xefrhkxnuq
831,$7f064200b5fe77f52bacdf9e4c05d47e3511677cc4bf38ac7bd63cd3dce88499$iuegmbdobx
832,$639d648019f40e181bd24bd4175d2ab29601ed09fb7dff23ab6011d8a298cc27$lfxtmkfrmk
833,$d58f1f7a350b5f6cbd14c8d99457ef103467533d6f4736a070dfac6467d89785$atvoesqqzy
834,$f1284ee6c4822eab882d5e08ee59fa665c22c2d0a4ccc63a1fb1da9e512b5e35$icelacdlxi
835,$a14a28d6ff4659b2caa2052197b8ea6b8f55d8500f6645cbde426775ba4550a0$jwqumumzeb
836,$b44950335135a6fc30a072f884378ed14d6eee3e82d60a9167ce864d9c6d5c72$wgvlpkzlil
837,$6bcf67d03680823f6842c9d790730896ccd13b937b511cbb62205200cb01bbcd$zhadynvdlo
838,$f7c2ed7e9c83dfb1e756616c6ee93115df6080ace7f7013ba5c2227415af2aef$ykdgoilhto
839,$958bdc7036b7a81d5ea62cf88464c1f30373c341c152264d96ae608de9a86f74$vnpqcdjepp
840,$a4f84a4b8d6cfe137c525beb7d77fbe4ad7e1f2f9a6ddd66458cfa33510de6f2$wgqpkgpkpa
841,$becb00406f4591b015370c501fc9d73fa15532cc3ee718b436bc9dbbd77b24a2$vamtydnuzn
842,$244a4e64707a2dabb14576c4ee75dc0189a03377605e80837470300d2e631d3d$xbnhwblyut
843,$fafb8dd2e28d8112dade182fb10ec4450cd5018f45e6b2f921b73e93d2394e45$bazobevzwl
844,$5748d65ae45152cd0020234e0181132a934456d0f4c66ef4579ff5665af827f9$clcvorqzfl
845,$49b451c0fb09f86ced1197245bf8b182856585cd8ed2cccffd9deb12158dad86$cauzsymqiy
846,$bc70443534515ad5e11b4e05edb12b23e7d9dd06a7f0b3a6ccefa3902a475c2a$zgsualvjci
847,$426e5d1f9f370f5d1357d55d2b26022b85aea4bed9e406d00dc28e85a654552b$zymqjbotmi
848,$032d80d872f165e61f55c7a6f156dd67cf4de6fd062d0751f3c8adfaec2dbead$dtzzqecluo
849,$9db1c2da7bb5ad71e9a723dac11547fce4da0ae4d1e5fe9e890c5056a92ccdcf$xjzuncyhje
850,$417e2258c5a581b1d2abc22261f3cee097117ae9c2ba034ac6be77ee36b00154$cvottaeetf
851,$0e1061a688b4b0eeb96a58bf4c62d3bb46bbc85dd8b7d84c4a164a2ae0d57321$uliooeshxn
852,$6b5a406f6d88a665a1170fcb56364a23ee6195f5cdb3032f37062060fa650db8$aoefpiulzd
853,$eb6eecbf53932812e4f841c2f760cc40cac4e0be0b25373d31d8d4b501a037cc$ryepoymsyw
854,$141e202d8fe655a2be921fcaf2274702c13e377ec7da52ee691ee2dd8dec54c5$zoiyazactt
855,$da977d1d1605edadbbd73244c14925c0956018f270bcaa949f1108869475abfd$fpafbkgtch
856,$f96b8f3fffda257e1783d974c84e19599310e8513f65fa363125d3c5a16924e7$evbrirqbbd
857,$3f3594118cac79ff3b74d671f69e6f2fc3eef0d9363f7d04a91c1394229c44c4$ojjkwdfper
858,$3ed88ba36060398254812d406f597117a5867462ed2dce6f69799f120af13f75$zwiidvzxzx
859,$0c7ca1c8ec77cf0ad4114600f94cc8d8f82f56f579abfaee4a3f54b7c7568799$wprgzdegdf
860,$e4ffe575c62198f7d55f33890b0afe225381a714ca82ad7d11b22ff870f5ced7$fwsgklprns
861,$968a8e80e62b0c128b0bd85e73475d167ff3f6da164b4d130ee5b4ab1334a346$irauiistyl
862,$f471a02ddd85a58bff13d89fc2da792c86dbb7f46241ec1256a90ef0ae47b488$ymaomiolyi
863,$4ef7c404594539b6f365744a51cb01009c7a875a6f684068202817f55e9960dd$eyypztgdly
864,$9a81161b700c7cf88f5302882ce369f55df33041ed65a0510db79824d71c8055$lekzcscoox
865,$4743281fb5d93f9d1c08ea7772fc7cf99ce5347664ec099a6d911c673dbbfc0a$yforbasosx
866,$ddd8e7a82e89ce7fcdb81d74aa6a3cf3c543974c4f4b244c7105b89d72d92da5$ysnfpuglbr
867,$8865a80a512c030f233ebccc0987bb3f2e2f57e0789287d02972cbd3f6d70553$fpdpnrtfqa
868,$5053d70362e4e0e62c18b876eaf73df0ea1fd7a02eddcf4d4b2eec3a62541655$vfsagfvgxc
869,$a447118cf1a9e5346e0a6407b50bd3fc9e05017dda70b882a9049c9df98690e8$dqlordheik
870,$cc2324ae92f4bebc872712af8956a5ba5f21c09c8c64fcd09b16bdc57df2464d$jrrhbhrbmf
871,$b168e4a1e6bd78203b5ba928baf7c3821471ea98b47b0dc9cfc1d9ee82afde3e$bqmzmfqrtk
872,$d410f0e2d865288917bf33a62b39a37255bf9da8e944805976a6bea80829cef0$eawdeujhcj
873,$e969211f41f358309018c8597a2194c633e45a36c871b7e47f241e75e8844320$okmrybybqr
874,$b81b1bd3152a37cbd9548e8ff31ea2b55707ab1bd3fb57f42d9eb17ad84f24c5$logjnbkdtg
875,$d977eb86f6e3f272868e1b345c78d8cd382837a8a347b5838b484c28b8e9ef40$jyfauurnac
876,$c7d2bb57bf1b967352dfe76e140abaed0fb9f76266254664103d4bab70bd6fa6$orfbmjfvsy
877,$d62e6286d7e71c579b90a6db74b067b1e45ef290742f65d7aea8b108c822b78e$uvvicafkip
878,$f1b11528bc722e2684757f0bdd02817beda4ab08196adb0bbe422cb5507a3056$gzvtlphprt
879,$6a629b1bd52199e3583c693050551dbd27b3d94f2c97b8beb624a1b25fc20e0d$pidzsfwzaa
880,$4de01849ce64df7e4274694eb3e2137127ca8d9b912766ddacdad534c43a4ee9$ylvneveneg
881,$fc7c8b4fc04c561f3eb67600dfe12fc6ad530a94b231814a79532cc4dcf7cfcc$cukquwltzd
882,$628398cd1dc1ef7ffff0db1da59745925173c3589ec7f381789ae2155415c2c3$lfaalrnidy
883,$1c6b01695e7709a55e1a93cc1bc1c7a41b4dd8e45406bb48d877309b35db54d1$vvfxcwfgfb
884,$0a07bfe4ea02a98ec4d75c2d020d6af4b7bf981788d88731343caf0143939b12$dwceeormqs
885,$789ec91027442e4d21de45541763def9beed26965066e77c1955365de87356b9$zvzawrwruu
886,$b37c0968510f8fd76dffa348d29deadb19a1918ca4847878aeadfa05bacf1653$jlzrizayzu
887,$0ba50601d57f1c4984854976b86f94ff42a5f7cd861d7ca8b374ed5f650ad630$qpnkiwllzp
888,$a15d4f9e92707f2b1ff972ccaead716a8ddf23eff8b830ae15584decf8287489$jjaxqqkkmg
889,$237309e8a90d4b93dcd2272e4a82caa02d5020fbd0040c954b24b7ff2fb6d3c3$eybmmrlkza
890,$f51cdb097dc1fccb789a052697b79df90405387189346596aa97db5ee2bb9c59$idopluakad
891,$94ad8684c6699c7ab5f0979b9379e237ac5586f6151cff42d9563f89c91e71fe$ysdapbbixo
892,$d0bbaaceb87aea515b329f5fdab61ba4025087b43eade240d8b42a5050608f68$mcydfrxvzt
893,$7a161ce60a366f097487f94749765ef786cbea537f2ebb3286ccb264bbffbbca$iwjjnmuzme
894,$5279e4b9875e94d1082a81db6c6b1d229b2fd9af6f149b5297e21f63ef607a4b$wkgkqsgvyn
895,$01f815a82194ee13b9d2db653c54801f908a64954280629f7c05c197cab38dfc$hhrbjranqw
896,$7b9a31031666984ace2bbb1252a34a1a84f3aa19ccbe7d02f63239fa3c2248cb$xllisvzxvb
897,$fc173072661fbf69c5991ccb03eb68c22a0ed545a8651f47d0ddd9096cf04b87$oyjguvuaez
898,$1d2f203af7bfc7912034f9b9e496d680470c2ce37111f3e671b07bb0e9a8f2ab$mhxeszxqnx
899,$83169347996cd4668db1876f7b811d8af8cb519436b21ba751423c0b315b2ee9$rjkzqgzbet
900,$e46271a763763cb2adcf33088facc500ffd2df711d08c39b70549ea0c5cef694$zetzrfsnxm
901,$145e123a5fa0022017f8b916eb4a70a5c5ca5b64c788540697548ab7c593bac9$wtmpswonmc
902,$a45a9c8e8a55023c9280ae27ff8c6dff4273f6ae9c3cbb69d93f02c3c7e3256b$gcbldkzemx
903,$e162329136b7a4ddf76d0f1d389807e5ef3186eb43b863c0bafa3681a0419b2a$pnefouyefh
904,$491cabe1501196825fac7398fbde8d0fbb9082f98de05c788a1252956d9c7468$ggiygwklbn
905,$d562da357754cbc21a0b68041ef3a2ae22432c289e969aa468d81dfbeae0f0f9$hcyqwfgjev
906,$4db5bbaec2f420db87745b9b54dd13dc88e86c926e20b9a1e656648193bac3f5$pstbzrkhdy
907,$0d60f164afb885c8b22740110d85af4a18803dcf75e1838c76dbe68db291535b$dyrbcfpgmb
908,$072d378f6ee5dee25b5ec253139dfa8609ef8877de35888f415a842998f4eb77$qlidyracsv
909,$1efe3950210bdfbf50802e0d4264b8565a364b1db3754f4c40b7f4ece5a9f4ca$wuqaebepvq
910,$453524b72b25a2cd48986869262f670cde41371b254c10a851c7a9b7a16d2e43$yxwhjfppzt
911,$ff472c16dc79507b9fdaa332a40d8193805dc5945f348c9ce34e59e6072790c8$cdnsxkbclj
912,$ff44a9126d22829eae2ee81e9a402df9a09004e3d94d26c0e57d1996aeb1e548$ghirkmjeam
913,$b02f360e1818357ae1831a38d174ca6541d444cee3ecf957889d3a12ea228812$rqufierijl
914,$40eb75f769500118e77e5666a9bf5fd771d64ae129b1b89a2c8fccfcdd6dfef3$vlnmtttufw
915,$162c4e246c4f0dedefdc4b71923d107c6614d43f4afb87c70155783077b582df$wrizpemecf
916,$6b647fb8c04558226ef118fcc56b7c54349ecb6293bfc202b075f834d5e68ae5$sdutrtnjpx
917,$071d0aaac29c5719fd4d0cbedfd9e19cdcfd8f0db48ed2ad8e28d1eda3dd7064$vwbixgixsq
918,$510a447f76069854dcf2485951ce55ad0a7847e7f7b09f0406894115f309393b$qvhfudbqax
919,$52a633594396f3d79a8a2f84ae8554100336e8f1bfcb5c24f37f30a71c7fa103$oxdiddffqx
920,$b4262f6ed0d6b124959ff7ee10ef38160805904eb1f5f78f684c6bb0b66ff7ee$tsndsniovl
921,$39b25965c057a5e9a4cb06b01be251a169102d7ff0993377aabec5460ea8bd5e$wszmbpbdfr
922,$7c0c78141ec613115eea9f29e1fe9a81c40d2d3cd533d5eae266f803922ac74e$snzfidprpl
923,$0d68ba796189e7155def19f108d94e83c32dbc36f11a7b329dcf99a76de0495b$vhcvhlhxbi
924,$97a354441c826747912977dac9ccd3dfb3cfe601cdcef7a92160ea9d1536bbbf$qyoohexpiz
925,$ec1de3cb228698c2724c447bee3686949d04c0282361b2c4dd960cc533d2903a$ljcvyqrurc
926,$fb13bf90255d0abf3042bca41f4c5bd68230117d3b676374cada0a43208b8f15$dssimqwqgf
927,$06f4c9f8e42e71bf15fedc3196aa0f439c8b7f70ab800e649f70a93968e01d74$mgjoypeoon
928,$156c047eda6335b9b8bdc54aa4e62835863317984aa5c76d32d57578d3d779ce$ewyzziueyo
929,$7dd948b81bfec4fa88d9e5aa2a7ad61e9a736bad672d40587a8250de81a9633a$nfxvfvhqrr
930,$4171b3a555749f8b8eb8b97e9d0b2665a8bfe78b7bf2756b9202c0c319bb345b$jmrzsfvvjm
931,$24bbda26cc08e2c3a87a61212d6cea0a49c5c83a0b9ef89cc761fe89af8588a6$mwthnohlti
932,$2b15551dcac7df480b9a1f46abcea40b93f0279a2ebaae1ebea5be9ed103f20a$wfcoodhyfo
933,$56f54fdb3ea912702c98b778f1826203af1905a1118a11f7d4e5281b78c3cb53$wodfnbwrjn
934,$fa1910bbd3fc2851e79739efe5dc3a926c28aad8e7fa5a048fcdbbeb3137300c$gcoxthsrle
935,$0700e845fa0e7b10dd27f2ee507aef91a9addf7c084d0678748a1ec2f7fc17cb$kwuqmxczuu
936,$d2dd9115de31d4cdf845e142684d2256053d9e8c650bb543beebb2d310d4a243$tufvtwzytu
937,$7a0d4f9937e363c5045ee83d49da92e916be8871b4deeeee46e78b64744109dd$kyaijpucbi
938,$03978ef31d10586085f4054aa5210f67bfa7320a4481925c8f0b0bc2614eb5b1$hdzldgutid
939,$1793e7b5ba63df36ec8a9208ad412c5784432ef327a296d7bdba2b0deee741be$jkzvfqienv
940,$9df500c926ab0aa4b08e51768ad11949c4a772b52d7f8b19285a26332a7ccf5f$gfeugkjmtj
941,$b932a4630e62c29a29ad5852ad0b6a985aa80a591824154d04100ea0649123b1$xyxbwtqrvl
942,$b7cfc3892a2f258f4673877b5756980730c336ba08ef2b114dfb4871acb45ae4$vofgnyexgt
943,$f66554548ce600defda2cbd1d95c364de7656fe854db33b05823915de5e505d2$fbwqmoioqd
944,$a972e56b332903a2ec631aa2b9171bc424350ae1e90faa1241d681479153328b$mcxrnpugva
945,$75bab2c9cf5afe1e8291f6147750eeaa50b26c3457f39370016b8d16990692c1$dhtcpajhcc
946,$37bceefaad42c01b77aaa71f099eb9f0e1735ab968d99effd6a1488178b98e21$ycsrttftzu
947,$fa5d3df9b465e00c9814530d3400370b190cb6b38ba686db78caa0c097567bdb$jhyrwzmaiv
948,$2e84bd9ada9ae97aa89cee98dcbe654e305acdd128ba6e5bcecab1cd63785b44$vjxefedhwu
949,$3f608684cb376e3eb26e49057fa05f1f865991912e47a402b4f60439298395de$asrkikrfyk
950,$215c17121084f69f6b5ae744d3af112007962ea41b301cdec24291d68e762561$grvcamgbyn
951,$74d38d7b22330475d25d0dec4656279474c4f6de92006c15fa67b7f4ecd10dfd$jlkciyuguv
952,$b076a2b5df9f7c6f0e5c55c9f65d1cf3de97ad6a858a70333783392e50c3cb5b$ceegjnojcp
953,$ceb385dfa7ad514a5166b496caa5ebd37f892ce330292c57607e30796b4a460e$uifvsnuhev
954,$882f575fd6790c3ef3598263dd076625545def780c36135cce1e557e44640bcc$pfjkzhnpid
955,$1eb2d4e746cd148eb9b275a5e63634256c63656c9403a3595d3e6dd8dd46a1e5$lbbamzoioe
956,$ba0c914b48040b725f2df772199c2996cc62e827050172dba77aa3ab20681fc1$zjemzxnhaf
957,$b296aa0fe80611fb21b21e9c474e3b3325f63e098ab8c38e9fe27030fdfa1f65$fxihaqmjbr
958,$055426b1ebf06595d554b3ac67ebd0f466f9e0253a9b7670946181663dcc28af$hlspsfbflz
959,$44d991f50ac399707eff36db98aff0ec2508ea313fb95eb22ce723e1707bd71e$swftupdfgz
960,$0059d274382862804990ae3ffd7c9c6345b654fba8f0b14b9f1fd3e9fcf81036$amltmxokyw
961,$a678a70328aad052b1fb6c3ae6afb044284ee57fa6b1f8b6fd581ebaa016f0b8$qmnbpisgcj
962,$a2dc992ca987b08b6f00740b52fcd9dc3d686fa1641b990167cf26a8c728c125$kenkslupjh
963,$ac74a14c93944c72e19d02d2d4028d8a20ba11f76519206d5ae4148042de5888$gnxofzpfdv
964,$dc40e98518ccab760d12ec6b832daa4e0d7f6c8f6e4fd05dd6e121b13dc64bfa$gbgmzeiyfc
965,$605753eea2d87f3c8cd04594fd1732ca26e9f946915dcae74f57c4e38057e6cf$dxqvheelox
966,$173346c219a2cd13ff112add1f9910dc7ecaf1276e3c66fb5b82b5ea9c15afa0$pftxumduny
967,$699aceca366b467feaf4737faec3487adca0ad993d464858523c066b5b7b3598$ijlhvjdind
968,$5327e5a2c7d7d5b0781938a69e427e8e8d5854676e1d9cac2f29c88b2d6372da$gkrfjncinm
969,$173d5ac7521904a396f975da20e574a7f3cc03c6756c06c9258d640f855ec227$xqttpogjaa
970,$b5a8a472dd92732f23232bbf71c4184fb5b60321f5e579562ed64eeb7f82a4b0$ocvkczqonm
971,$0485785d5509ff9adae057be8f27cfb532b81ba0aa53cad2f49ff41b19d17df5$isywdplxbb
972,$c6cd4ae056c9a8064a3cc06aa85f00291270c493653c89236af903d3b3f1d273$qprpqrcqos
973,$d90247a4b3b8d7f16bc846cc354f1fa30c12e1bcc0d67e04d85016ffc3a3db64$pbcybrtxap
974,$1bc4b161757414be2386e20bc116ca15ae5aeb5e01504904d3685aca3161fe0e$ffizwdlali
975,$2e11ee904000f76db7d6bd32ff63413a58344cc956009064e320ec8a7aaa0226$febrbwrgmx
976,$96aad82358956e233cec42a13bbca83dd19c4db432f1a989235ae1430bd9ea51$icfohhvgbr
977,$5c4c2d405daffa2055175a9a4f79e6b67f4ddcbb11595c22ee06126fc8aa9205$fxlzbtvbjb
978,$e3b1b38ff561ad0ed600382f27f4d256ddca81337541da46332bd333c1cc92ae$oppdxxtyga
979,$128afc2404c914d5ae296509c289f1fb4fa0f8d3268a3e9f14bb972a99831876$muohxquzti
980,$9109e5cc317c187ca23bedcfad267197204333960241d799005da778daa6c3aa$yafjtkpqep
981,$a18d75410cba4217aa19480202e1371c1b5057c9c11c24a5d1dac1a090909ab2$bockrcbqro
982,$90d4f3df215140dd9c3db82ff2bdca720fe8f8af58ec80259fa33623204c2904$icuwciowpa
983,$28f674ac9271e28d2779c3284e587a648d21c61a593e60344be5fc4a437e1cc4$qbqevldksz
984,$5d50b9f93c7a18a051c75c55f282e4f5ed2026c0c3dd432c43a37b4826ff5cf4$brpwmfgtwb
985,$637dd8b76914bb7f1ba584e5a12b66e2622f220aa7faaf78345b3329bc278c1b$fneuggwjvg
986,$0ad63d9ceec6b3cda22b703d62ad72c47960489a52b60dbb625816c07aa0685d$wxuwjquboj
987,$1615dde355e4a60612942ec4670cfdc227e5bd59de0859de3e985c56ffc905fb$gakmtghcdz
988,$90ce67fb2248d1c7c8256204327c7b163e82c7effd2def071608d9be43af6c1e$dhsybgidkj
989,$327e28affa633352242a080e452834be55cc9be1aaf5bd6251e2d5d1f7be7541$gpapxoenjx
990,$dfcb5b2e30a49916d856c6d95bd630f88e22e9e8e7c25fcac80d2dd5a9a662f8$cqdkeyghbr
991,$a51e628a95a90da7c00dca2c0b6f9d990865bb8bcb7ccee782e68bbf430471c1$ohtdiqfojj
992,$ba01c75174d829a5ce7f23615c063495ce4fa35b79a05f68ac74f4fdbb91052b$sqabhxnjlw
993,$4140e239bcb34d61fb11d1140940bb691f98f81d63b9de3dfa003f19f67518c4$ousrmobetp
994,$de96543337fe95f0debc47084226ed13a746fa80aed1f1e528d8f4809df06964$ibonqnuxhu
995,$42cdcbb1e2a707c2e0db628f97bda5b797f8e4e11cea1d3859ec2ac354618838$iscgqlxlrq
996,$237699302bbc94530f518066ca660e52b39c974a9eb9088dd1d596b5fd33a31f$outovhkkfi
997,$9810b9fdbd89da65c3e624b250b6e0e18e1ecb84f01ffc31e5aca9e1dd163fef$aynhtbttxa
998,$e7dcc97560900077639f975ea91e0351c8a86bc2981f4fee0de601e5cf167041$vywzfokvvb
999,$c3e814af97d82413ebcc1ee514db4fc90766984d6c0f557586fb5d2b5cb98551$azookmwgbh
