0,$e57b37525a93bc7d2d4f7d5766bcba838a14486ac0d3402ede1e0e634793e841$vtlmkqyedi
1,$aee4bf7e5e93c420d9aa83a2012071ccdf20ff04321db0811f3d0da0eb79cc28$cpjfnmirrk
2,$4c422722eaac762a35fe2eb9c0ac525f8f33cddf4f8067cb062cbce1fce93a8e$lrrbuouiph
3,$193463e3b561c3291de77adaaf39366e239cf62d85f3d8ffc69d1c575d6b59c1$erwxdvwnha
4,$f4efefaf377b51bc3d9e6ed79976f8682e6d8588fc96d1993062fb6dd142e99c$foaievxzjn
5,$8f5074e8d26c7d4fe14d2514c87cd9efdb62527b97e616838991c2384a9884ca$kxgodqqlhk
6,$87df7f70c76640cecbc4b81715809dd421a2fa96ea6d491fe883bfaede1b6518$fbkpbrbrps
7,$578065ad3bb1ef101ea1c0df909126ba799291fd98cda12a9e2779531b473e37$gdgmbssnhx
8,$78bd399b6d3a53c8db6e535c7c062a4ec3257b02820acc845c4d08c44bf6f202$jgfwbjqhvc
9,$d260f5faa200314a29441114a081c6ef0a2bc1e5edbebcba2828fa594fe87ff7$bhebgpeteq
10,$492b8c1df1348730ac0d96a7ef93796d2a05ae4e77dbc900d2978b4971cc15ee$xxidbqiyle
11,$962be5a16a0b6911018e7d007d05ae36016603d63da8725623790eb4d5741675$exnvgcgycv
12,$12dca679f18f8eabeb5efc6a8826505019665727a59dfbc275341631d8b051ad$mpypfvrton
13,$8d7308a81c6ddf56af6877a2ef33538c11917d819de7a0ba4a984b870e156cb9$xjjfpadzqd
14,$90cf74061d81d97d6af50f6135f0822d2efd2d7b89d1c4834e5b6ba61550a592$fusakvpbru
15,$c78d6aeefd7e2182ace12ed02be799aeff8a921d8410243519372bfd927b5b28$wsjkqysofy
16,$04a16f5c4d77af5fca815c88aa3b42e2f3c633d9e1d2138a4b363fc3bd5e23ed$mpqjyargsh
17,$85b8770fe241b16d571129259b5373269234edfd3be2f4eb08517ffc67ffafb1$yclcpoujzs
18,$4eeeb9991c4e31ee36e08648c02df86d28763ece7dc02451a1b2cc8b74cd44c7$elaavksziq
19,$4deca084bf38517c86cfdd8bfdba6cd16d20768d46571b8be0ef03d1336ecb3d$emsiyixgju
20,$d12404a6b3d514291cd9da9815cc3b7f381b3b7a807c5e9e10bd721c02b087c8$htraenidmm
21,$9706bf3755e405657d35d180b23bb691bf85bfc4c2182139a41a1c090d547867$ihuqxseazc
22,$752d6ba63fc6f0a230dfe809259ce1e2599d0c9318e665460cb4cdef9d53bbb4$rfkzjopnhc
23,$d74371789294da123d6816ccaecdaa6c5b44568c17037598bcda0e91e8711a9f$ubkyuvtifl
24,$b9085d12541d26f30054b228f3cfe000980af9bdc2143ba0f26512e67dc84a3e$xcjoodjshi
25,$570b43ede2d00e8748cbdc336367af5eb0dd1a3a754cebcf99b24d17bae04256$ylmfcgdagl
26,$4c450d9af00d44f5e196168670b94658469b0333dbc2c61ce1fb1dbea97f0dcd$decmlucrgd
27,$791605b5e1cd10b6a6b48f32464d79290063327f810695e5d6e48a05b0447e20$ezdywevufh
28,$515908e92fa643870fb1d61b88a8ad00e1520311eb8e715783ffb02fcec51902$ysobfxpvtr
29,$bf5afb5d8edb5d31ab368b400e1cb2e16f004507dab863d2583fa2ab22b36acb$fmvuyorsmk
30,$5b9519b434b26e8d0b20be28234422d0869acbc2573bdafedef3868f33923b8e$hqhfhakynx
31,$e3161d4b1587d9aa9b0d37836c7eeb76f01cb32ac4b451b5bb61bd4aaae027a7$yjgatxiiby
32,$7e51fe6c20a141b756355bb6083e8ca8806ca27c584542e69a8905d8deacaf79$eqygzceqlg
33,$89911846de4de5e32e058778b2d04e3ec3439663df95ff2ff6d3c42c3e74afef$ozocohzptr
34,$e1e614b8a814e270193e341bcb3fe355d46e1c23548a69160f1bec03fd35c9d5$ipoyxrwhhn
35,$e847ce033bfc9bca49820fd89f719a4776584761caa68bb10f876450406423be$eapbaullef
36,$69064e81bd5cb23a3e0f446a0f0d5bea853ff7a59db892180b057555ec6bd5e7$ffgfezruzt
37,$f7b762f9f060597d0bbeb9aa6abfc7490488f756bc86b23f9798e11a454d02d8$tcmoowecqt
38,$c4069a5bb6490a7b0c6e868e29c6cfe5aa0dc547ee3e153ad66d963ee8bf72d2$aqvqlmevxt
39,$83b5fb3bb2426ddea8ca4d28cfbee259deb8f1be0b771fd14f1baa676039fb2f$ocqblydjgt
40,$29bf1b27e76493995166cc5ee53ab04792ab4425fcad4e4a9842b557374beaed$xoyeinfpux
41,$ee9fa4f14cecbfe027e1bcea984f501045310836d117075b72023920e1a872d8$ldyezxgjnb
42,$2f24c5c51dfc27c8f167f5acae9b5d4d2513874b423b0ad72e93e5617e6cdcf7$iehkoaqvsf
43,$58f4b9670b37f3b331a15ee70bded111bcc7b5a50645e378cc0600a52e717535$ttmrvthkqc
44,$f0a96d73f7e743d1e5d176e201f0f54a31826128c26b60754cb3b522660b6e66$ajfryskvsm
45,$b72e11370970f6f862c98459e41a21aeb32b26e13a71f96dcd61c8c8e1e91a13$meexrwhypt
46,$76c338f0a81459d13f704a5e2be7b3ed99430913d692ff0e811f4802abf89dcf$ebpfvmthtg
47,$3c125b2135a79468245d6455b400199c38590c3d328ea1ac6439b1ba532a960f$bejjtntepa
48,$657b4ca4bf77167aba6c969021886d4b944f782ca3b22a0eb4abc96c61d1c385$rnlsgperad
49,$729390abf18a45f8061d8a4627b1af5e61dc372816d55688f7c43e0502b0da47$innakczxxl
50,$16eca9db498a31c5d484e68e19055de65cc8ceb2d2aceb768ef51772e75e7fed$lhnkjwqiyf
51,$d1804fe207b9e93d13b40eb76d34b30eac16aae87e001d32f88512ef32d766b8$qwrzoitkyr
52,$1f486aed5833099a20bf37f5f4e9442060b7b0fa1bf77a65be10538caa91e15b$dkmievslao
53,$db48d8c619e9aa9ae83bbc7b193550dd4ac6e6143c530e7b151d112a87d3718e$mivluutkqp
54,$7674f5d4b22508489b106f5345620f52b94a18946da7c0cc73fa44026cec25dc$jkwkvovuma
55,$6d4c0b334642a7a021dec8ab29ccd3918838e75085d27a060017e0c09d3de3a5$hprnfcfekx
56,$45b5b46a445ae045eb897d6bb653418ca25341c5cfc768ca83f9e3e9c600ff32$twkgcaezse
57,$84ba11e5fe05b2b949161bc065ecb1b6dfca2dda9bc6467c1164cd7e8e8b035b$rawyfuqjak
58,$a12b8d2dd2dd3c98f9f6660a545e5efb68b7383e830e304d50b501af20b99967$uvwdrcgont
59,$4e052e581c67cda7fb4a3c4d3d80efd461ef9ff23ace738f9de6eeca4506823d$armtmtbrmb
60,$420c2ebfeee835d4dd73dc2e5086a7d94bb09d032b8ba8b7f37ebc1d0668a1ac$euualsvnyl
61,$d57ab0b2d96a90e337c2c5f38f745d859ea4e988fa3baedaaaac8f3b984214a5$oktltowvwt
62,$36e340455cb1c4eca806c13652dcf4e0097f393a3409fe9181aa2e96112d8d9d$dnerccvglb
63,$6637110d2a7a09b91c68027d1c78d64fc5df2f116b8b3ff07936596e6eb68fe2$qidmrmkfui
64,$f0292a39a1d1da0b76e39550efeb6382ce9b796cd8f263d5ee7110c234b23035$rsmwignuja
65,$bcc3a3255dec0b943552a630fd2932000271022e79461dd5b3f694951c36f9c1$iwxptgfbgz
66,$fd5aeee22b0e65fac3742da86d079d44b2710fef394cdb1a5f80f31839b03913$dsjgjukfbe
67,$ff4c717401b4439d145e0c75ec9ffe11faf9f060145c7733cf2895bbc57879c8$woqnndubxw
68,$e47739d30694114ac3ecbdb358e2646d6da6abbada7d49318d440e7a0e2b7939$lqkjzvjitf
69,$96459d7eb238ac08912676c3a8fc6c760eff293c0cb777b4be1db9d755bc3b30$qwvzeyjnqt
70,$39471d0f9afff34c95e687f66847dff88c0897c4bea240f602682222ee3caca1$pssjmxiouh
71,$cba509a051a2b2cf7a01620ebaa05c4e037ad8386ff109252afdad8912ded194$nfyfxepsgi
72,$4b9aaff56fa94f56319ea15338f097295c444a4dbee29e495974e52ddd92f04c$pcpoajffin
73,$a5b88623352c831b6fea38a40e7cf56cb72518674abf8110770b8b9a6bfc1461$lckljjbfey
74,$e2eb77c4d79c3f5c3989a12a73f0557e5cf96b904a648d49f50e7b55e1f31ffe$enxegsqqaw
75,$55cc597e03f7494b2235dab78efa0f2ce4d6278f565d66671172ed3edfa4d7d0$bfjphyrabj
76,$50d90d78359764e182c36f0d4b4bec3cf2599f3e1de6d2f8535268afbd4f33c1$yocudqfumk
77,$d5fc1b2adbac763b960bee3d7be6afd9a081b4b1db718c35220b34df797e3c01$jxcjbxnwsi
78,$5372c6446a24c3538319e1d7b2fca932ce1c3ea3785f1c59275de0f146937f3b$xddzlbeuxl
79,$b6a0b04831e0ec41c30fc27818ef9babdbe9bf7d6a68aa69239127a918e9c01b$smyzjuevtg
80,$478e4101e26428ef5c693b28b5134de9c712fcf3473012ac7c05ec0cb440ad46$dkorrsvywd
81,$8257bc6d39b1d00fa594329c6f8b6da926ce1ad369608e4fee3a98c6d37836be$ijuegyottk
82,$ec8c0fbfd7423495f48986ddcae2c7edb822564a0526a2e2096129d2c98dba61$xyfwuietap
83,$ad25653d0507bac403d34060360dfdb6f295e41fa6c5584d137e4232a1c4d517$yeoekxwgwo
84,$e7ff8883a010226a878a5f116aa925560eee0163b88c4e3345d0951e0b28d483$lddqpvuwxz
85,$b862976cce3fc0e1dcc88ce370de263b8f584502acf6115bf818f595a4309328$fdhffyvqwq
86,$7feffb2eedbc734d72dd0a302a600507aadb45136b075bcc04f760e974b9bd13$hhvkivrecd
87,$a9e2b04ca4bd7fa09b9d0f0930b0e27406cf973adff6b858c9f67ce783611015$xojqpvgbwy
88,$90b25d9c733e75245cc1101f13d540a85bb983fb6543aa0991d9177dd18e68ec$rqmxmouqpo
89,$be87d8f3a9c79a4b0a0c564b45289ed7b2d144869b386e3e2fd499ed10e7403b$rxbiptinsb
90,$3b533739c0630bab0debebf50c1eb803918736b10f6b84ca6b00379f85446b24$innefwdorv
91,$8d1eb2759042d55f71e4f4394dea0d7007c44820a895d973e1fb84cd68809f4e$zyenkbretr
92,$85b05263b31b3bfdd4b43b97948e905d93a9628916682ecc24336cb8c34ac676$dxpqrwdvdf
93,$a237cee7b7a82af13f8a142d60daaeff17542b24e076b0db6edbf6087aef004a$hubpkkpvai
94,$8a8abf3cf34f30a59cd8a41dd003e59151d96a76a4eb18e8842f686d51c64d59$zegcfjuukz
95,$630cee20140d9cae0812b78a81d00a0a686995fe950daf17cd735a8133c0a8fa$zzxyylaevk
96,$5060ae6e6db98f922cba7477569c364bef746080da7da994aac2fff2a1059a36$keeuasykor
97,$2c15d532072acbd1f3ab1eb193cd4e626d4c72cdedd51ce083b19975944fedc4$pdzgwtznip
98,$5c88cea7ab4a7fff2963e6eac88744289bf3a0534bcc6dcf933ad7b2fd8cfb6b$ilvrqbzsha
99,$ea01a5dc0e74781c7e10ccf6b8973a9e8a6eda0c78bec53221d5f01bda803d64$ykqckrhkjg
100,$124612ab8c5666211f1c26ffcc8cd75c57b9347cdd8cd4ed0ad80ee422f7cadc$shanzgtnol
101,$81c204df6dbe452c71a5cc8f47ee0bcafa77a4645ac6b9cbbd50455291192545$gfsibzrkbh
102,$8fca8149959ff6864066b3d231b5ee029b8acd80262d1aa8525f753e6bda6fe4$yijdzaycjy
103,$204ec76f9fce6f37f174e74ea8738d7a793cb9b8c51e1726f080acb5d89c0c6b$rnijcugqdq
104,$4712254ca781103be7e40895eafefc943654f514a3a98679565f7ae5b4ddabb5$cyxtnusxtj
105,$324a61180be3bb23646540af9a489de3e288838977339c329f286f3f717cecea$ffpaylvpkj
106,$b531a166e542cc67f260c2df023c189765555002243b10c4996146d30d5190ac$ygfjkybnen
107,$e5d23e3d71b5ef638c2bd2c1ecf170c2226ba9424ca3bfd7516f692debf37f35$srchlrsgns
108,$8c6956b21045bf9d647140a40f1ecbe43c00622546c66e34217a61d743069a12$krhyzwtblb
109,$28089aa6a3b53e2ed3a054790564beb7c3128f305113b6e5fe8a7cc205356838$baarsfxgmo
110,$b36e1578975a2f3c4739b3930a8701684b7cc4744a4d52a543b89772f2ece073$cqpxwuvgyn
111,$5a8220e31e30a8ddd1f99360fce1edce6eae313c7a3f43e1c9c193ae1f9d29bc$mshnrbjlzh
112,$a43938fa05348021c9e5634d47a1c9ae630704b7768bfb816ce2b8f943b9e8d0$jfdqpwylmn
113,$7616828b8d1014180cf7ce5871b667be862a6c8c9d71b1c2aa133d2b3daeac38$uyaihddcyy
114,$c0ac64bd247d3fcd3c7cfb817e1ddeae9c1d6e4f3e23956a3f902c9eefe437df$xoampobwat
115,$1f5f920e94397201c1c411ad29715c64e7e92358235ac339090fa821e092f723$anblpytdrb
116,$14a4a2420b83acf72f45b27918e6f1ade30cddfd54f5a06f73d3e447ccc6d72d$ihahoudxzf
117,$ac48ef40acd2efff77353a1ed7891563f01a6251a0bc64276e56bf44ec53f853$rcajciyiur
118,$adcd03aaff2f98c109fca4d24db4e3065b7039778a8bd5d50f2a836087b69126$mprsmqzcff
119,$7d67a591c6b84cf8fb37b656ba573fd5fdcd1a9364d668c19a74435103d7adbf$umltmpefoq
120,$8a9234a183568182e4f70ee1f25522272926f9ebb801255c04926b6d856ed37e$erlibwvddd
121,$8da8030428122d3a7c892416e4454f3b1dfef6fb721accb6af54e55f37b5418d$khuyuvehma
122,$8f36fb8564a6bffda3131422b27cfd0d7a755a5020fd508a1d683d26b5428eb5$efrdxzhxbq
123,$e9f77cc5dc1a723e68a346c907ae25e88a9700c54d63f018b7c94407d2bebbb0$majvdsoaaj
124,$d5341e2d2e9344a20dcf7f80b62377b5834e4c6344915b9ab42a8eec576a01c9$ukwzgomjmy
125,$280ddf7cc57660b4dd9d238a50f074e916a7a952c447400915b8497158ab3f93$qzmezjfvzz
126,$85b11c3d77efb46641c064b5e8c4ad665ba5f0be55ccc0e1943ee8ae59314ec1$gcgbxcaehe
127,$703198129d326e8c2a2a668e82dd198a8676248bed1c5d857d5547524f387d92$ouwzwnzfno
128,$63c720ee95fc6a8fe3d25472aa78d13f7d42bf9e7d197bf3332317920c3285f7$bfootucsvc
129,$342ed34d4bf64570f32e3a0f2d8165f0745f20ec630b2f298b92848c8317c75a$jeimkoenkz
130,$9b1d12f5545806baeaf88ffee88c0486a3f9f71b6cff97b33c8f6605dc226fd1$gmrhlsxihi
131,$ffa8517eebdf0393377012f7231c6100daede4360d79601b9b88919d5bda60e9$hrcsxkygic
132,$5bce579cc9060523bbbdf1a184cc6f72e4f4ef3f65b79b73614af686ac877d6e$itwarzgbhr
133,$02817257165e3600fb8b4d982e833228c5e31f1ccbb2025e056fc4eb4946a054$yamnsxtolu
134,$cfd0f3bdcde3783788219e09e45970e93282c33c3dac55e152128e16e6b8b11f$gspelhunmp
135,$b947b72750ae9e0226336ff7be3bd0cfd91b8e0df8d4e69635fd27e7f72f49bd$eltfqaloyd
136,$f1e89bff6a44fe42c15652e5baa322ecf5fc5ba7098e270b97cb102dbc5759e0$ymowlbtuja
137,$0a244f420900122d30e02c8f153f385f347c4f155a99627424e442751497aeb4$fsdhuvjadv
138,$c69afd158599d9eef1b512ee5a073624e055509533c93f2fdbc08e438edb6b0d$ocumdikgyc
139,$34b03f59c26c17d8a260c0ad5525c20de7ed95c3eee5702fec0f6526224d34bb$mtxetmncds
140,$1954cd4e82095d5b547a29bdb8dc874d7ee0e631c2a2db33e84461096b4fc91e$hvjexwuohj
141,$c5fd014474db67286d6bcea1ac8a3a3da9e6b71c6857fed3331b0a77ff7fe679$nlgwqknwmn
142,$82b5cb679f80b1400488cde6e15c9015f0a53dbc4311e0b9e8658653f779991c$peuwcwyywu
143,$db35e0bc17bef6d58088c57a7cbef3753ea91cb3bfb0c38b3066e91aeb1681ce$bychlukesn
144,$a6f63311c7a4f011a37a814e6a6a13f64d36b3bd710cebeb594fe04b00a31016$onhnuhpquw
145,$0ed65028d149fda5a3acd27623ee62342d44c35edeef90729d83d562c4ea0501$qtbijzmrnz
146,$29d29856d62df2e7699fc078e1d581ba3212b4672581cf09f4c3cdbcc4f9fbf0$obkwnuahym
147,$3be4b25b99040e983cbb045632b7aa9bf61e8778a78630452f18ff2c6a80ec97$olqixcxjvc
148,$7e10a018a5744a034ba549cac14c5c68d51f55a416fe39578e23fd0b348c84f0$bygqgbvcgu
149,$174f7686e8c3da8a95f02f93aa4c29a587e76560421e574306a8cbd0eb0f79f3$yuusmzlwio
150,$27ee5533509f32a10473d2be9b8cbbdfc3b1ea0504233f1ad2e4ebe74c6e8c7c$vvejvsggii
151,$bf1a81571ecf0fc16608e9c56c5740154677b54d9d62df409ad2e913d36861d7$exfllobmoc
152,$33c1a0d44297d8fa8f6b1519f39e72dc15c7043f16c18f17f9110d446455549c$sprghfjfnw
153,$0a6b20656efbd2c650e22868e31bf87290f1f75b7f0091d0038309835aec31e7$dytxjyyzzi
154,$4a6c4c04bbb5f020083793eaf932594be0091b400b0a3b0e3c07361b2d426244$ylmtbkbdqd
155,$1e1cefe6f00b209bf4dddc0436b7f752378cc39543c0be78d4ae9393b3e75f45$tsoyvyevsn
156,$094c28ece919fc5c789c6e2c15462780d5e4a8d62ec96de000baa3955594a1d6$eqlslvgtxs
157,$29c70d72e7dfc1183863f30fbc73e12ad8f4c367156971a988ada79551c18e35$uripkotxwd
158,$a9e76b9c394b663d1ba06950133f8ee4fba9575bbf7e9dc523737b2e77781fbc$npcazeqsxr
159,$ea6520928c1525f372873db1ab29309d6ba78bfa809af51115fac18b560e910d$gfbwdcymyh
160,$b9fff6b02c805080eb113b8bb4b77e7e7287a6d10bd4f42e3c6c100258e05090$aruyquafpz
161,$80d4aff327fb7d8671e57273a3177b2d37f1330104f50a3f0238d26443f12c6a$ybzqpipspz
162,$76c0a280f9425a48873accada4bd17f5c51b4b0ea2e23d13cd737cdce171663a$iqlxnuhody
163,$001873667ddf4a6bcdcf409306664217857d434c3c8632e10ada0eb9802076d9$tmybdmaiey
164,$89c0fdbe125d00324c6e3ffe12271c992c40cb9a7ad788bc38043774fd88be56$ypfobhitaf
165,$7c088c07efbbc914a27c9fd750aec79dee16a6dd2d327726a770398a434be238$pzgcwlfaim
166,$69acdaae64a5a9a9e5b551494dbbb5f01a265d7860193b5d12896beeba2be3d7$kyldcqhibq
167,$ba484bcce1e02d3a9e840e606d56863e4e3642b182eb26e24f9e6960e8b2dcf3$wypokwqmrw
168,$47536f66a9fa2b9b79ed39240c217bdc6c10ed397ad63b230a15d4b497e42e7b$acduumxtlg
169,$3208a51e5bd946585bf11a7649329ccec0a1ef977c26c36e0ee054e9171548bb$bfsyiymomq
170,$885f438ad6d3ebc5eb5a9b3f03bb1f6793e8c06cdb1420b4867a384b4a11514f$lzqezjtqro
171,$6f6283c4fc5cd0a4f0ca29182887416b1c5fd497fc0c9204363aec268d8f2281$wtimjqlgdw
172,$bc5afde231bb6040f4c54e14bc674270ec50c8246259aec364539f89a025b0e1$xgidcbmohg
173,$41ea0d8598bd96a19960b274c0e4044c94fe2fa5f337f8fdfa89827b92e21aed$xmourppxiz
174,$7daf11a9d975896d438fcb758f5594ad4547f0f6ae2d16bd749a026d85705909$dzlsltfzia
175,$1e0eca6e5022af2fbb0ef89f8922bca748ac5fad0aedf08d80fe9da7085979e2$fgywsjpgao
176,$7f8e3aa2be446c7a785846d6d06c957b5e6649efee10e4f55cc34191d920cedb$ovehjkxzqr
177,$31102a094a29f3d877e6ebc40f90fa31ad8a457160cf26b46c904dd6bfdba480$zpznhjmbmd
178,$c5b97af14b891fad187af4a54c86ecd5af5ac070ef2c89e4cbbddf1a9c33457a$pcgfukhdsu
179,$a43758daac53bc2e20b39c2f3cd1b51db4e9f6d0565e257704a3a97121ce63f0$djplwjwpin
180,$eab3cc8a4c9170fc1a6dcf6727805df35fe59d53f712353f9a6bcf19a268f1af$demyffhdzg
181,$e88747a9b87797d6c836308de16094b986442dba48c34c50376afc6c5f0d7da5$drgacdsxmy
182,$5b108137724a57ec48abc62b65d9b8c8b3eb05420393a56de2ffe2edcb261152$crpuykwpyq
183,$0cc232f2cb6f02a8fc6e47a24af50b18d828c25261b35390de1ac59fbe38fe22$lhlnhbkctb
184,$a3d57f084a0af25769f65b8f6aec5d450336178bb35dbf3574e763bb9dd22f07$vixikywmkz
185,$a3dd0cf650e54f90421bc25b1b8fa7b2af0a85eaaada3fe55666db5010a0e35a$gveuipenah
186,$df09c8a71f1896bad8196ead6f54976c34de279e5d0b17ace7001fd54bbc4dc9$cplnjxrsto
187,$e35424af130efed394a4f48223504642acbcda17e702d87389752474472bf545$nsrttfhlmp
188,$a4949bd230f7752e0fcd3f5cb999397ce411620d35c94ca73380a5ab6b016cc0$ajtmgldtmp
189,$9b5054027f8aed149629ee2556c173fbd32b2f2379da292bd95de2fb06fbf06e$kosvlxrzvn
190,$141d30a3169a0393cbd05306ed16fef28f50372e1e132c65c0e6bf2c1b2f6fd0$zvifbttmxe
191,$80658eb76b8308fd9216caa337c150c41d0811f2dc54df52dd6df12bf8a3e482$qxitqjguhv
192,$8070018feb4fbfd40490dc82aff0aac1d4e0e796c01f0d9880e04beb3d0cfdf9$lewmtajkby
193,$bb1ab01c58fa3c41345645f178c8d65153c0ad6fb310b880a2e08cde40767380$uhnjeieytr
194,$e3f2932f8f9bc5acc630c39654ada97b5f34fc9074d69c743caffbb709a3335d$dpmiipvxxu
195,$09283c88390490149fd6725939e4e5f684c31f0e820fea03165d44b9c7ac5295$wlhlwejwlp
196,$955c2e19c13eef0b4550f6e07516465268c5b60807b20ed5a36a20d4aa16e35f$joypnngnbd
197,$40306a19dfe278bfefa9aba7555550e71b6ac6ddac51fd31c494c1231c3d7542$fbupcfqnom
198,$515cb04eb654f6daf8736366e0c63b4ab435e14f28cad2edf4a0db3753450f14$sgpioowibg
199,$ce6c67e73082d854f9503275446c47d6d5859e9cf81b272d5d7ee7ba1d74b3c5$awffmoxxtu
200,$94723fc4aee77269b82db574a5368f6e1fe85fbd7de395273ca91cd0d097798a$hcrewxgfjf
201,$b1a55387992223df8d73bef294a95fe6b9c6311ea47b1bb469769af73e87d24c$zuuycosyzu
202,$d56da6c5d2a52f9b26303a28d9314363bd9cae6034df2b8553f3f7cb228d2c2f$actopohvnn
203,$3d57a99404654306354908d253a2a7e6ebc958886f8f0b47a3bc9949eb0b1c7e$gttzxwihie
204,$c0f70d2bbe57f8d0d45513fa15b0011f4e959d648158aab5e5f2b9ffd7af4647$udavyuehlx
205,$8c5eda942490d5dd695657767fc959a0874c71a295414e798ed325de1c18dacc$qelnjqbprf
206,$bb306a729ff7808d097950a8897d31f5b816abaa18754e85c35da5a0bbbe368c$bugwdzosny
207,$6c8132d11e71c2589f9eed866c601458f856922a9ad43ee11a42912428e6ef83$hsxpmgoeyg
208,$0ed73228b537b56ba91a3eb50f53374a5b93bda2a3aa79e6705fb894932ab8a5$kjnagbbgtr
209,$1c8443713a824b6b9b75e8429680b25ca9f849645073bcabc4e81a01522872ba$lsaceulnbv
210,$d0ba835725d9d6eec22b0864d074b935a35f85ff1da06772930554ecb43dcee3$ylfuyitgcv
211,$cf87b60022ed7288ed27e55223b37b4ac5c9b1383ddf54fa91e2e6a171c012f6$zzrxodwljh
212,$81d7d9e8a62eaf9494834541badfb92ae6e8bed3075df48357e2b2207e86d781$dxcoieymgp
213,$717e5241ae205a9dd00d3e446061d3703123326148437e3e372586f3da9ac818$cnuhdjjkjr
214,$73b3f3bf51464a597f6221637266d74ee60fb7d60c29fd27d4285b7185d4b613$qknszzhygf
215,$61fdb51f7e704446194a07bc3c5fe06acf558f817235efb78e544750a973cc08$ywunjbdkhq
216,$0e9caea6a033c717e82f74d0bf247ed4926e481191e3f75ebd858b390198ca02$hxnnrhpkbr
217,$f005063c0311535ded24c455297b7dfe622f76bf38bbd449685b041fc4c6566a$pxqualmxlz
218,$eca4f7e635b5cd107b8c3eedf76939417231ee539e653ee418e59f30eb30d089$xxkachbbmv
219,$0bf4eb0d4bc1e5f29d5986eaee525d91726fc8c1d935b4a789c0e2d5ba3d5454$naixpqwbyz
220,$fd754808b00879ff7550978c273a4ca745f01252881f9ca07cd5a338e310343b$qanhmorjcm
221,$8f82761396fbd40a05749828a5faf73dc29606df5f1af327d1c567a1d94d148e$efunaznyuo
222,$f919e0602838f24c21b30a12e984128cc57ac5a8105f5ecbdfc57911cf83e39e$csnhvofcsc
223,$cfbf5a6d8e6c91b1f14716518e763bd8547311344772773381cd07e4311af367$xfpjspumwy
224,$b832e0648b6729d871ff617107528a26924d840ba0cf8a8c5df8bd1c6aa743c3$qulkwpeyvc
225,$fa863a312740416fd40f7a93736e34d225a1b5c1b563d5de7713a3656c9a86b5$vuyizqeqgt
226,$d4e048e1b368bb9039a8c1cf44d898e4a5b58ec264d3fbc7a72c9068932ad1e8$iyahujpccz
227,$145ba43118965355e6f17cd213ac91603774a5d6dd7a0aa575adb9f527fae8e0$bsyrzfswof
228,$5616a2e19a19538dcaeb941a3a92dbed7106498b2429a4c0136b76ddf8456f33$xsclhnciim
229,$90f4e39795bbcc5bf4df1780332882ff6c85b50950e5ba7ff8ab8510ca8db8c9$yqyojmhmvl
230,$45e8f670c0ff3e796ea232d143b3f2d09829c9612ca08f7b5897997fd3bd95e3$xjmnayswya
231,$078981cccdff6f5958be5e5b44546f57d5e9701b29cc70c7140a3f443b4b2f18$jcxpiswmke
232,$02ddc49dbedc2d6780ca1fd67c731ec458736a5b60d292ab72dacfdc694c0689$pdiqeuodfe
233,$f0f4139be0e55847068422a273ac354dafce126e5282949424fd5cddaf5f35c3$lblcyjfhwn
234,$1dbd52ae83f414e727f0c169b6f454dd7db175f10a21510cff1ae3fe4eee068b$jwokkwcqiv
235,$ea8987066ddbf4e3da6ac3ad9d5fea5d9553c4a3df6bf3a65ce9d52b1f8cd4ee$fhnkopikpi
236,$7755166d43e5be208a0e72c81a8035cb862046974702839481f0b82f09b02814$zmnzsgltet
237,$73b27e09bae12d170199d049975e3e80a58b25dbca2b707d37f57f9ed33eb20f$bivtplazpk
238,$dd015b9f57993a7f932d016d185488e551f272523b7e2b243731f7a3daec05a4$ssskkqrdko
239,$e104f24aacbcd5854861c842aed51f8c8d72c6de8268d6ed0d3ee34b6d96beb4$ugxwlzvqfg
240,$a12f808318f3ad767c4967ccbc757c3910467a2ba66b8e6dd1757dd9ab77ed20$kjdvjvulry
241,$aadc6bcb3416997785f5ed9b23eb1bb88af62ab0da080ef52856ab5d3599cdeb$xmnxraoyky
242,$0ab036f3ca1a252e59b5bc7cd2992efc16f4d60eb031752abf1444b86f0c9f44$zbtoiijwlu
243,$3408b462fa81d39e125db0d53cf90aed8c92c8fc6f171b6618651c8a1d0c2cbf$txhdeqndwt
244,$fe35739b3d1b7dc7412d7df8236e50a15f806d6475db444625573c7829d0fa2e$jrxlxgkahl
245,$383fb6906e6a091e104b4316373df6bc597b4d7f651562bc404f53986d4c7305$fzxesvkold
246,$7b12b93c7025e47b845e40d1a20f7bb59e61d136b527e1713e8d1163caf9f0bf$sorpsatxyb
247,$6ba175c153d5f5ec7fb71436d042b84361ef777403754f6707236d6b349a7ebc$yrhbvvxpvz
248,$94d643bf7a1de215102d3d2ff7abbd57510a8bee8e24a01b3af69500a56e3b51$woqyzqzedf
249,$6f3c4cdef05f889e7ee479b3a86b678441460e82f1f7c877fd7f6d5bd5f85035$xsehmyiuvl
250,$80a1c0edeec990c2329cfc54d307645f4a1c1e1c0ea4a0f11d6e10159ff6fccc$tcfisvgiuz
251,$3b32579d1a334de8f41695ccb62f5073a75947144383447cfd9286c155ba3714$zwcssykubt
252,$f3a4da4445aec2dc2aa3f2147dd530938382fd8e0116b093ae6c14139fdc28c0$evafxebixe
253,$1d6f3bc07a160e67d5ba23c14278d1119ecae72f352e343216f47b7b1bed858d$ntyvxtawio
254,$d62ba6516c11811eb6c473a71a40ad8d01de51142a4b39ae361d9b433d6032d5$tlosvdyymv
255,$ad17a587365ef908e3510ba303e335dd29dbb4639abc67256b8fd0daaf6db970$apovxwhdwx
256,$605e7e2371548d12b8cf1818c260ab8d4e611c5784632086b793d2e5d01a2f2d$alcguiuzja
257,$f8b83f81aed1620915a22009619220701bc7e0c4cd8079cd1c56e8de66440590$eosrjfiaex
258,$81df06377f7f06dacc685070258e740a623ca26182c808c900c94909c9555e7e$vecbatupck
259,$989bcc0476a90e91f3b16a5ad80fe145f4cbfc503cbc046db31602aa9d34c2d8$vtqfydoepm
260,$1d0fb7eb5ec4324450d92613562be7dc0b774a9f428dc0ecd1865caaa0e3f4e0$znenwdhmrh
261,$418aab58e2c68cfc48c3f52661ef5b636e2876bb667d18cbaf98f5bdd9e5536a$ahzxkpkixc
262,$61a19799c1ec0bab65c765c349b5842b385bed4e438c1a9f69b8455ea2abae60$gkmujfhmzj
263,$5711296b91a1efdfa6a5a08aeda2c52dbb2a5ad087a753c04ef5e95c14e83c57$krrhevydta
264,$ce08327e13712523e208548e3e93c142df6976706820e016c6b3f59028db23df$kjbjyhnttm
265,$dd4562d21a94fc51eb23951809c78f7dac05952b5018e1636f3ab95323660be6$ubqsemwmfs
266,$568d635833ce4cf99191e5c175798d0b6fd9a86c9c0ee4d76f0b953875baeb2b$ihupnrtnzn
267,$a9d53d4b750cc093f758d1ed2df733a6f1c5b246263cb2e239194f9d83dcf641$ckwewhqueq
268,$c2db69081032f8f8045be6d0cacb06db05d861adc99aa00ab6c458bbd9d37161$guqicnkoqv
269,$e54251d3bce629006f0f30881a44c71ae9d9c8ee032aea700b6e71d2cad98585$yfaogjzebc
270,$dfb4422452aef4343c77d9da8b8aabd03a812c9ce047ae772281d56b98cac481$anzguppvqz
271,$6385c67e720d53d56c738432a279f84298154056d0a74cbbb22d3c31f9b64fbf$wqjfcgbjad
272,$fa22f5c2b6e3ab94c4ae5b0332e3f9d695f3345bf967f6fe5d303b9d5e532266$aqnciyqotr
273,$52474544fddbca6afc34437a0f3c00690027969ad9b2345ac33a1d22cdb36726$ardykvrwrz
274,$a5eab5baa9551c707f6ebfdcc362858f07c236a722903028ad52076f3537c69d$wzyfbvbsze
275,$5efad1f35de89bca85610414b174d2d618466da2c6bebea121475cc4441aa456$wljmbykwxu
276,$1f3da9d2d46e044389b514077803aae39e2c42fce572b3da9ebc79e0b73d92ec$cxdwiybxiy
277,$6ac9fdee8f693201da49f0253686e3fc4d4241483c3b6bb970bbd1b188c41b8f$wofkwcoyry
278,$874cd2cc755a34f50af211e980d96ed01878fc7631978770262da0b4d8522448$nhsewokcsb
279,$8b3e5efe99a6334252fd213572211a11748337a2a46ad2f391f4f05a1bfe5b90$knrqksrqvc
280,$65295587224d52359ce1b777374b23a0e596ef3cdc3207bf8ece91a01de2833f$ehujqrvajd
281,$681ae0fd95baadeca58dd588120b43311ec8133a5ea874d596aba748a96e0986$tpngntqkrb
282,$7c3c68a389c9993fac1b586000d6c3d769753b89a6abe48330e58584c78fb752$tfambnxxwy
283,$82f844f6c69d59eb868058344ec1e88dc70274de17fc93d77f17c713d72e12bd$iksdtynkgv
284,$332258a873b2405577f215ff9bad81ef1219793373d192712f1ad72ee7ffa566$nongjdmcim
285,$2fd3b646b2354ce025bf3cb005e121db3a359d1eb257168405c83c7b0ecff912$zugxiqvvtc
286,$e281798764b084d951440499eebf0181e46c99e97f900bc21dd80985f3fe2727$bzqfcvekdz
287,$12d61ca1e48361087380ddfa40a62361c33b0cae251e1b90859afe87a66a4e2f$aocqoyobaq
288,$4b1bd3bc0d46692b9973cae25f5f7e72d7be0df2a5beffab5bcdd4e71cbe64de$hwkxglbbka
289,$013374092582ca7f8f28fe022dd4e83bc610f8a1bed448d0ca11dce93bb460c2$vkfzucrqis
290,$a89e3428199349bdbe1a7765fbf92070afa39e3884304f9d91f683465378987e$mgigihjfjo
291,$b1012f588869e16f80346729e80c923bc590fb12f69a3956caf482c01d4b6b9f$cpquovxicm
292,$5fbe28b425cb8b1bb3a2850559799d2634ea221f44edef0b02f399ac974e1aee$bpmahgovii
293,$c3b83e8a4a0c5a877cd408d7e9d33b39134a1b86795d7a4f02a4717dbfb1cbe7$zstqxlsjsa
294,$2c4fc0ded01d32ef371ca5ccca2a92d937b8bf1ec19dd4e8711455ab9f4d5803$wlclhhisat
295,$7cf3b2ee8762ad75369db4c33815c2a8013087754e9736df57cc6233886cb9c2$wvinwfdrpp
296,$ea9daf9669e84b3ee9ef1bac257fa47d6201631bd259f483ba57cd0f425a0aae$mdveuooedg
297,$84c82a9e62577299b9c221b75787e828dcd544af6fa7b623b9787636064cee9f$twfgppznax
298,$6d02cba7c49be651718e4dd03ddff45610ed27ccfc8c7ab902d7a134f4d30e99$txfcusydve
299,$7bb62dbcad5668f00e18d383cc7ff5173e4668a2d7767484c24531840a0dc72d$lifgegfosb
300,$1329151c57828495ce17ad82e009c0ba7650d3465369fb6a73873a5e9aa7affa$yfhvuoyyqg
301,$2239a09b8d4a8c5f635605f3cb34c14ff3ee1da24a45163fcf4c157911487c67$tzttkzwehf
302,$b6a43b7d52fd8287cf540e2be1f189c1d94a1ec7317346108068a1bfdf19dabb$pmgnasicln
303,$ee9d6ff01c9d8525546702376222d68dd487113fda5a7ebb9cb7a10a38527088$nkokecjhga
304,$ac9bbb0ed274db5e76711beec40f4e104d44bf0638b3724574aadd804f0e5b72$jgezkcmevd
305,$bd6f452487bda535b1cd947dda9245548ef06dbc723081799719d0a6f26d89ee$sxlnlojtkm
306,$e656ccae1a95afc29ebfc3e3163dcad75d242bb53f178a5ad3b34cb67ceb9fc9$rwazxboswj
307,$65b0a3d229e5b87e61756173de96098fc4c864ba6a6adda0a305a17abb9499cc$krxdnxjckp
308,$cd6eb4c34293e0295305076c4468d1ce3e692c9ce8019ec3300d4074cb11a12c$hybsuccrww
309,$deff2e31d2a1fdc15a233c6104d3ae57736f1e374694d9908ca3a637c4b37860$tokyamvzeq
310,$e9efc2fcb413baa6af28943f05e2dd137079f66c5ba2404b2d12ae02a9570213$bfffipnplf
311,$633146291e8c0ef5e19d4f67228ddbb7a97d5bde34f28404134310d711955809$mghqwmqbzn
312,$93d42826ba7f8f14c983299c604a60b7c02204e1298e4d7967198cb35370d422$nybmmdumbd
313,$7180c0f76cf8ae9c29e104c481516ed4be077c9bf8bbc39a2d4a42f990e5e65d$tsfqempeza
314,$b07c399eba51a08560f79df44892cafa98e372127d229f204d165e2695577cf1$qpgnudndcu
315,$57f751e1dd05f57ae8ed83d4cd07b59449b5dc21c7d8a797cb3eb7ac3fb49108$dedycupgwz
316,$cb72ded861c5129ca4c70de96db5a695b507979254a6f61fcbb06691c61d64f3$qxqrbrpswd
317,$eb3dcfa78f6a0c9f86fb0ee40b8e572a0ccb289a475956829d175afa4c5f56ff$aridbimquz
318,$b9f523034fb8c3eee14773eaa59e01ad30649b8c3f2e8826ab0896369282ef68$nrhskutskb
319,$25ce9106afa10a53cecb427671e134432b25f8763941c970b4e8992fbfd8c3ba$jaipxwxqzq
320,$93aa29e5344afedbc4ee94aa97d39ad7c7d839f2a12fdd866065a07ce4630caf$zirtovgbbv
321,$264ef844a89b092a5e3983080afcb7bb4e879f4c5dde3632fca9689c9a4f8112$sdptjarhra
322,$781a176cc278d40a0844717f1fd73ad7e7714af9ee4deea11975434c45e24d34$ydzcfkqzir
323,$563df2b913c69ea91b62a3f8232d5e8f7cf454bd0d79d09d606d599eee495053$aiabbibnit
324,$474984ac5710cf421415a14870b90d870162e0be364dc8776c55e5158c67da1e$qiqkwziidg
325,$19bba3a33286aa5c0056de1a3cc554622fdc6488b08367d94d604330651ee078$iqnqggwtjz
326,$489201ed7b75b7cd8d19fa8ed8efa2ee71f02f7c18f8d1206ce76b1393fc9856$dxdmcyjphb
327,$61b5408fff40d31fbdc3b86dd0f286e65b000255a60c92e98c5ddd926390d0d9$wgfyluljdb
328,$f6c1f9183c6dd253a0f10421b0c3b02661d1fa650eb2b4cb180ccb4960a9ae7b$jpqampfnxi
329,$63932862c5611f242962fd4c0d9ed453a288aa50e87da38834e750d8e60a74a5$zvntbsdipz
330,$6db0c654a0862e97d8d7a4d30bc91e5ab791e8e3b5f3130baf2871175c400153$dvwiigtjal
331,$3a52000df61be979f09fe58bdff231a72ba7e33d737d8ed49ff91f7a3cf4cbc9$ybqctssrfg
332,$9b280b465c48045614d42f630ee951d46de50264efa90af034a41ffb72cf4a16$mqdrdscips
333,$bb0566bf008b8ba2f56bb83d2728ffee3a874b418758ceb51a5ca53a8c928e33$pzevaxzhpn
334,$c2ba557efebb3c9dc17396a284468d39cc4e43f21247c9448055ce5c430c8994$kswffsruft
335,$574a49c2fd878467bb0d5bb885cdd509dee7034dad8526ddc04b297898c56ca3$brwgbvuyqf
336,$fe117ae1b44ebd7cbc50256c2e7dc69e5c9e6b4f61ceb3cbff3e0a6c20ad5146$orfrfjyuvk
337,$576d086ae8b98f2c74d9af636f56e9d26594913c58e910998173aaaa78f177ac$relrscmzgs
338,$a8827252504049589d5f3d4e03bbf442f3bd60a684263eb3ea15354af01898a8$oumvpbilis
339,$a4ca4653f58e18b3bf95f334e1a60d316daf14d5b15320b5303e545599c193a8$ovmypplzro
340,$ef1f0eb8147a05fc5c95340f585039925a983b944e46ca4ec9ceb61eaa5833ad$cxryqkults
341,$7c32673d3079c8884f7b74faa90db02c00b98cb8e15c2c653e3756ac1fc97608$xhuuwnefpm
342,$5fd0c5c5a4bfd43d31c3ddccac9b26ebe55f378f0b6fce0fde78faf8d73cecd9$oqgdtxclrg
343,$33cff863fed20c7b379aabbe7e18ffeab8595abfab5528f8bf05fa04e62f2ce1$snlwwngfae
344,$0f9dbf45ae0b1bc5f77ef260afb38870cdfa9d13aa1df4188309b036c03de803$toihlbbpgg
345,$3378ffc5c70994b400b4788741f1618f4bd6fab8b63e70182bfbb60d14cedd50$rgfgmmipjp
346,$03bfc8aef2b1c4ffdcec249b5d802d60c2fe9d2c022522496b22b43d63decbf4$cjzchclcny
347,$c41fa0f5f3bdd480194930c20c02bb1773de24b4d2b7a8957bf5c3e62ee9cab2$vqgonypsec
348,$692e7be2afb430e7f4c85c72b3a2a7d4c7a064e56485cd59b2764f8b3e98e313$nwoprtncim
349,$c2dd70bf9d9e9d4f52ca9e39b3474bf4e5633a80899a90a7823f3a8bd048c4b8$dxqbcdhnfe
350,$76a013aeea94840cdd0fb3d785ed6cf2362cd51c3f826ff1355bfe5c5819a4e7$kiaodohugp
351,$3bf99534f170bd44c630c569a7c0e91aeeee8f122854773ded205419cb061eb8$yyquotpyvi
352,$5a4b8f9e706a424269f47ee690a09a166bb14b8df2b96d8d0b0fa5f1b95bc447$sbatdfgblb
353,$bde531492919f5351ef3320547d8dc7cf5bb41301f2a6edfc23a4bd0ac81e886$fmhvdlpaoc
354,$562975449a0561c5d375aff4da3b678088b6ca7597bbfeeb0e26ea5fbec045f6$fbiplxmlkq
355,$148cf9a19ea15c9bc9896d94eb449eb585672c5a36ec5fa214c810248acace07$ivuacwuudm
356,$8dc29d4577d575864619a634a697216df62dae983ee4434cfe4774978a7fdfe9$qkxnrlchfm
357,$6212026653dc7b586f7eb8c82a6b47d416fdf7b5e7d908bb97864aafa1ccd44c$wfszyjhlmv
358,$e9e0d1393d33f8348836a903444ce6db54f31651cddbcb4245b13d46d753220b$rzanthlteo
359,$27ccf5a219f7ca555e59ee0d58c7179151ca710e33cdeecd73ef08bcd561b3ba$zzylqatdfc
360,$671acbdeb41fc83177e645373014a7a2a827a219b99aa86019ead7b53ad581c8$yehxlmkwqw
361,$6ab46cfdebe26ec5317e1ea44c3106af17b7fa7e775c8a103cde962204a0e453$ijwexjljga
362,$133999ed0152cb812bfa9d652268c9f6b4f0f10e7db559c1b522b9313574a78a$eirngrjrwx
363,$aa38b553598e6885b0e1e6fbc2b4d888cff67d7583d0d98e08f06c5413b868f4$sfiinjmqyw
364,$6d1747125dbb9cfa3d7a47290b434191e23eb511ef6c35bd924ed41c276e3892$fzacfuotrr
365,$238f52dc88886c17e06e1df0313a3a24f6bac43192c5fb233d93a93ed7700604$pbnbndusoy
366,$54f84a983851f4378fff67bdfc284cbcf61b9b7c0cad958fe9345e1240a8a1b4$eofzoggbct
367,$26761c0d1d9ec36ca4b7fdb4f3e47af83e5f0e2366fdda1a7311c8410253cfda$wtomvufefe
368,$926fb8bfa440826286b7972ed8b063440bfe8d595b1e113b0b697461ad784a1c$npnlrpvdks
369,$9ff90a72b88134a46b0fd615353215b4a2bcc338ae1386b52629d0c5a054f1d4$acguwwbbgp
370,$c7c1b93155bd8ffb0fc8fb75d9d1c580e1d720bba17b974b01994fa228f7f7e5$zlekuehbrk
371,$8d706368fe42bd09a5685ed14b66b6e313d37529a062f8be30394ddb4f005c43$ggaefubczp
372,$c094fbb761ba0cd8c471142a458a71860a0977412ccc64c6746e5f3e91ceb1e1$hitywfmvzw
373,$dfef1f8efd8151b603cfd9b9204538bce70dc96c6bae8eaaea5c1f97007683a0$klwvmijiwd
374,$cfbaa800deea915146be118b883c86fbfc15215bf7dc20af58f0752fce6c9eeb$staifqkwws
375,$3b7b2709c77b30d83dce17e065aa044072509e8f5321d8e50e47107179833d42$kmfokysnun
376,$a7e01596e83a6c277170355413648a726c8c5b71385bc6050b58a7909866ce1a$upzqxicgee
377,$31be26500e69ad02d6e0c82ba3190141977b1f3ad7afb23b7373eebb65b8b3eb$gdijvtummj
378,$a954b606e0b33cd2f21ffffa09a4410a46fe92d945f7988a457f1e34d404e2b7$pqvwrknqoy
379,$24557aa294dd46f42b0cb155258ab0065c3687de9162dc9c1e5b9d73eb5067c4$edxddcrdxi
380,$d58660fa492a881b80713959d6ffadd65c66660952d63f44d3a5539d397f5444$dwbuxkhoug
381,$5a090b0681ace4167d4c14bbad2cfe030ae7f3a883f98b2f8b41216025602bb1$katnyhtcxc
382,$ee7e5cb891fd72db1d7910f73a6f71b241ee72ea25319bd9b89d626a1fe17496$xecchyquvt
383,$f39525d3d128c491c6404ad261dee300f59e3b11ade8c75cd2fbdf21d123b10b$cnmhdihajs
384,$2936c16566f3cc8cc9b520b3915400af9d1e5faf48a29cdedc4ac09414526f6b$hiebjszyqu
385,$66c4e6c651914b083ff9f17a4481026d8363f9488cf873d4276a465ec7c7adcf$wkfpvijinu
386,$1204f121cf2a352e201c13d6f7575869bbdb2ed1cb80e1535304249607ff20b7$volfgtfolg
387,$c600c0c10030eac56120da2654cc2092ea90ea7f1a1c05264e7b29c1bd3c9ede$wnzksuokvx
388,$54787490f987ada00967ff8566ed93383556b98a4dec9fd352b4b9a65d6bf080$gxfojvnozl
389,$04e7f1b765e77d81521a716619c3fecc74c29e0113a3665284d372470f296fc3$zbejdhsobn
390,$91c9a88d32ef37710ffa2dd4ff03755fc26bccd47e7489d57dfac8bc247630f5$iqymffxzcr
391,$cda17fe86b6a7ac79ec14df0545f002c8125e7f7b2aeb0884568f0c0f833ab21$knegundqib
392,$dfd79b652281d6e4bddd395696dd7cadc0bab561fcd1001195bc6d660edefa49$umrzjicxok
393,$fc62dbfc19fec3d375e223ab8cf848182c6f0eece88e76938c6bd44ec8dea2b4$vppgjuvgwx
394,$add92da57f99fe49d2a82cae4409005e251fcf7f3386c547b1d7696f5477b6ff$xvlrgirvmd
395,$e105e3d165332ecca14cbcdbf68ead7ef8b06a48120894768300263206eadb6e$utmhkrblck
396,$f9d3ac6b8d6748a0716942259d4d85e2a485cb67321f1ee44a3e26eda9a1c6e9$dxfkwwlrmh
397,$df459c94e2b011b2581a7685f4d252945b56847306f20461808218e2d7113e39$ucukkucpjb
398,$6009deab775179cb7ea384630264089fb32113b2a0a354335c5d42123c401edd$fhamocrbyj
399,$052914175c95f1fa23eb5186f88bd9ddef96d15394da8492e60f1c40ef7fc1a9$zluqkklbji
400,$3ecfa9772671fc2fb34c5b5db9ce855e1da218899d8d220d2dc0d89f13e27b4e$sbalzrxmqb
401,$0a71f3a66be617aa634692538cae4e71dac554fa26efceff1378c0a8521ec329$mztqiapkvr
402,$d46b14dcba27ac841694a4f81623e2834c4090928eeadee6d5166354b602a25e$upfgselgje
403,$1917956448cab72805c4e827ed439adad8b5a0d5b18288bd698500d1644b71d3$entscrophp
404,$7a2cddd7ac5de8948c1b706dd606fcac4688a2fb6d0d208b642215bc4faff12c$wxkjezzakm
405,$4ff1a9d8b2abad600f25f8c9b9b1ec274ecccc199902a55113caf0729472baff$wmousdfbqf
406,$3372acd4b24c99210196ba53d9390ed8d17e98052423397b9356bf575f2f3fad$mkbixobmyq
407,$5dae1d37dfca64939b507b9690bb17502f2f0c6b568d4ad669852ee15b34793c$alapjclmci
408,$47d119609716713c706533b993120fa12871982fd7b344511a96f6ea3f76ad04$laqxkvycwz
409,$da2b289b906248da0222ff74dc8a20b15cae2df423bf0ed101900da3fcb2e7ca$rtvwkqxigd
410,$b6a7bff619fa7f30b76a40c59ebe9eff8fe8fa3a852fe87636a1395a5a2f32db$xtcvfttbga
411,$d4082461c609d7e7fb579e9dc9d7666f34416749d7931160d812e804f7b85ef8$awqvoecoru
412,$70c9fe9fe3628862e6df8167d6da4368d9e36e80d7b753173a94da2603e0f844$trcbvgorde
413,$4f4bbd96e0c558116787314fe24642a9a66e8fb18284c6055430b6882f3f8c79$dtybkmrcsc
414,$b5f0354baec82a2d447b169d5388b73574d7f087483cc6618f62dc698e976104$enwtdgqvol
415,$5991d53b82a225d5b076726769b7268243b22abdd9c5c09a72162742a5576820$xbvmpyfvzh
416,$9a49f94368ed7e09c0db3c6418e00eeebfd0db73edea22b8e31753fbb78fd002$njbvuwcolq
417,$28e923a2bba85964d99519da2c568f56fc182bd54699b11fcbafee4558484300$rvbeedhwwq
418,$5c49c59f643f160f57f641bdc106e68b5a45534f255064191feba38513958bfc$pjurjpazbo
419,$786d8165d9cc86421c0a52fe624d228c77b6abce7e12c366a9d29d42cf4a1e55$rhpxxduwev
420,$652976d13232ae7202ff5e43e11182292336cf710f26ac8837d8c310b1f09d2a$lrpvujsisy
421,$3b3957d6ef57f71808335eb96e122d06e414af74ebaa14b533811bce3166e98c$bltfpynxck
422,$4c0a5727d179b0a2f91da3179b181bc6e6d99a8b5f3b8625c8d63d715c45e3dc$oyjhimsfht
423,$b5ffaf70e0e14206daa1be550c683f9408aae9cf997a17b94b05f59ded53cb14$zsultinkwy
424,$8b1215a63e299fe105dacb55aab49920fdba1938bae36370e1fe2ac7b3adfb57$uwbsgnjlwm
425,$c9d34c94b1950ff96f5df26e6dcd3ecd2160897e10029271319412ab3cb0c66d$mybmwgkvjk
426,$c28942940d18e7021617a890e04724e857ad0d4f30a8ac2670822fb871084faf$zqxzkufwmn
427,$b23e013181d198b016612d0aab23dcd57e44b253c9808abff42a6b03a1e39bfd$keqqrctdus
428,$b14642cee4a87d0013f86bcbff0ee5fd23b54ea2f03b68aa64ea3ae21fb7bc0e$dojmihaefk
429,$06e29f6efe898887c213a174dde8ea0f2dcc7552f9882af33429a94aee404bc6$vmhfvjvnok
430,$2d2c094db79940566369110f1896af923c8ba1a041a6b6ff2097af971a18aff2$mkfbusgkdw
431,$511b81448a9d836c10dcd6da4fd5d8fe41a4cd8bd9eb3f86b91203d25d55f74a$wcozzwqmvb
432,$038a33ce03260cb9126c3278bbe1d9a7f811cf77b64f727ff109b55ea8132315$yksvziebey
433,$e4e81a2dba23af9f405112d8486a8cd73f0e213e53786b926f4b14a14458923e$xtoggyebjc
434,$db901c5558ca16abaa92a4d6729ec3e10fb15ae79b22ed0a0e7d68755cb1cd31$yaynaypevs
435,$d264781276cd673ece1887cee294effa6b326676547d9abc16d1be5f5bfec398$bguuqgngpo
436,$0aeeee38f597bed2e1b26cfbb9d558ada57596899e8c87953b7826399c3e8e6a$wmmgrlwdzi
437,$e40f527543247f8983c2cbbb4f66b15108dc452dfc7ea12c0589a61def38d139$awcqwdroxu
438,$0ce582252ae08bbd23a67fa4eb1720577ef88aab870bc26560d5b3641f3e6fd0$jbovxfcdvx
439,$9455cb1743eb07377deb68e354d75430d5b068a5c11f057f58229301cc8af5bd$igmdqnrgnn
440,$0d0acd84debee374059dacca6b66137fbafb4e232853de3152e651609154d184$qtecevuxfq
441,$a34565cd491490ca01b93f037d316086be8328b589f6336c70447d91958db610$thcafqzvqv
442,$688098e3ab6f62d7fa27722f5b16c2aef5377fcbd0912ac92f94c1318d03f4d1$epchbsgwun
443,$6e71325f0fb7fef9d78e3efe6032777dcc09887defbbe3942abafad874fd94b9$zxmaobjyyv
444,$83c9c121a3f763e5eaa2b9d6e4e194c82367aee509593d953c61c48f8e326daa$cbvkdotqoo
445,$98fa2bc469debeaefc4cfb732d6c1cfebd8f0969cb1f3d586538764d58c9e3e9$smjcsxztmn
446,$4bda0d43fab56013a056768d014314b5220d9e1a2593cdb288488ca360200cdf$cynktzugzn
447,$23e5fbc1b8a4455d1340c370c8507af58c2ba820ebe8245e69cbe9c525a12dd0$mwmksffanu
448,$f6e4e3390ed7f6eebf4627e19af3402e0ce4633c34522294d7b64c1844f9810f$jyjpnzuhjy
449,$0f7f1850614678837bb35e6db5b9b3d75ad0a6e3735ba5012973940527255fb4$rmnmkrfzzo
450,$2bf67098ce091fed478d669a05e08db50fc05d7ad2b6709c4afafc149f5ee195$wetatiuyuv
451,$f2109abb54299799b5def6fe081d8e0143f58c0a266dbe2aee0537f4b7087054$xjoadmrkuy
452,$0ec5d3239ad07ab99610b08a7e2f942d4d68bf6edc5a87cedfeaa94bea5c436d$jxymfyxlxr
453,$141d1a1c16ac6c4fa7ee0ee392d69dc06fcf9dd06cf0e7536bcb10b106e119c1$djrbybpbcz
454,$773dbf0677110a89384dd8616d81030a648fcf270d086f84ce67ac8e24011e4d$xamolfhinb
455,$533035038aba4cf31da28b8e2edda1d36bf7b1a5a3f7d7bbeca152548eef1b85$mnzuytgeqd
456,$62605dbb84a4fd879bb287c09f9707dd28476ace93ce01400ae43de0e2d7b752$wogdhwzsdr
457,$cb67ffe14cc6f0c9c0393a9fffad5313ebfbe57cf884e504f2feb19fdcd52830$aammdzpkje
458,$9f59ad624c006d0538c693f1409756318e487f9857ec53c1a9521e5239aa5dc2$hceixdzwmy
459,$fd5f63cc336f87992a061c000c3a8ee54aacc52a1824b7e83879abac8a9d1b64$cwemckfaac
460,$878946c3aafe4eddc92b2e7013b321ee2c3273650faabe8dacea760691fe72f2$ivwtjqtwpe
461,$9be85dcf96c8c589b384d423b20745d74959140ba3bb8decfbb309af97f33910$aajiqbyitk
462,$5c42471f4a592dd462d20ade9f32373f6e5e5eb820cd01c67e5ad5f1e5120f21$tymzccdjei
463,$a30495542bbf1f033e6db40c9d4954f04f6f376a54ed1605596640f09de48b5b$uaajwmyycm
464,$ebe1c3c206d0e65eb880a2d6e7197756e51e7b0aa6ee4d06368cd4684ba2da65$jbjhizvngk
465,$27654635373689cabe7a9afc49696a1c8d9f15585c9f85527aaaec00adb83767$mgtqohbabf
466,$48feccac0c7655afe62541aadedcd7c7942f35667a19246ba450654dcf4db35e$kkoafxrhjz
467,$2664edb3aa00dc769830e96a82341c102a448ccaf694e89384fc5a21e6d6c83d$wkgybaxqry
468,$221cd908778bf499213449425949e6bcba1cfde1b876ae325bd924985eb5c3c7$dptphlwthz
469,$3ade5f60fe7da29d8d98eff023d102a6a224774b2d88593b5f41641fb68092a1$yasdrgarsq
470,$3721db973c44e83a716d327d3c9315de8ec54466e6f93d6b849059dedd1ac76b$lkjttgyunv
471,$57b497ed81b96fec0006432146e71404075556a4643e1efc4084a844f8ede814$gnnvvbozyo
472,$3384e586608694793e4b2ed693f3ec0857742393c056e837b1a81c9aef32dc4f$duoseblplf
473,$9409e76dc559693816a259bf941799c7f4a5ff74d83b30c70ec79ce765233050$tlzxzhfoho
474,$ad57857b5819f9677164c4cfaa699415d4dce296d4ebeeff21e3a49c0175ce3c$nimtlgdqfe
475,$896c58735768c2ff79b5a5699ba88d8c19664d2ef199f539a92e96d018f2a90b$tfdmifoocu
476,$5dae6af0d55d7a4be87ae79dce2750d0b8754162effc876db106ed1d1813e1bf$awknshjtzn
477,$a3cb4ddbb0f2ef95b007e97ff2d438edfc34031dc62a7d0efde103947ef941fa$cqtnvbccve
478,$dff364d96738965b2c7cb150508a375577d0d3876e968d64ae42cd56d3b720d2$jnmbzsywds
479,$689cdecfeed70f353fd0fe271299c3e7d79f86bb42c661ddf1f0aa8bc0969c90$zchgtvmtwt
480,$28da671296e62469bf3e4eeed9a188950bcefe071ef5958cd3a588677811a69a$rbfdawsjmx
481,$8abcd8919beda466b10aea9f0c228c58e09f88666a9902c889e33364d6668b37$zklmwabfaw
482,$eda11b41303ed724f733c90b55b06e2a9418f3eccd3faaee5f51c2a1e9f576b8$aibzltdbxz
483,$633f67d24fc351d82fa066a4c7ce9bef3341ff76d54dee0465916c48ba88a8d0$opcyigqvnr
484,$1c58fc9981481baca1c7a3104a71ada02ad2c41402ad381ba0448aa86af47747$kdrwolzpab
485,$22b1de305d10cbb5f4230fccc9197d647b96525aaf9d6ae144c1cc528fbeeee0$xisknsrdyg
486,$caf3eaa5e905f16d4020bec8b9c438a48ca5d7bddd39d8f47eba5c5094888d64$qdoiqvsssa
487,$86f67158be02896e689e280ab3213bb9248704a0af63e2ab8ee3a227f8c2adb8$elcfkknodv
488,$582ffe633464720fe0fbf4f2701a1933ced7e6e3c71abfde08fef2ce0fb9f287$yjypxywdzl
489,$7e4f397f62940d972393d7bb401f675be0842b6332c218dbcd646904b5b84273$srnjjqkrea
490,$dadea1cef54f79511350d4fd0bebb9a31e1fc7c3ea6c758ad7f84e1c26a52a40$ayrtnvimlc
491,$92643221e0daa748b6500798fc6ea84d48fe483215c7cb5f759427fec2583edb$gyzqbbbvix
492,$9a9e2109e435fa0434b64847fac4fb286cd4bd45a689aad569a4bb7ce13ae94c$xstretlpii
493,$b4a2d8e5af77ac1efbbf10890f2cc8c0148f170fa87ac22cafc7a644cd10d000$ngwduklhwd
494,$5737411915cc8ec5d416da0866a5d30000c52d8017ddde719f02291c2ebc10ba$frmosbwzhw
495,$6f353cad4644fd8f5b2e78d3a5fdcb38822863b04e6290522f1b37e07c090810$zrcpkugnnm
496,$21c5312a0b929d11382f29efa83fbceeb76267cc5372a57371ebe5b2ee45929f$sdrsakyoag
497,$0223f1bc561f4959fa6f44796bbebcc00e6e640511b519f5f37fa0f5d8a226be$fselizczyz
498,$c5ce5b278de20862e93da187aa7ade721273a0d5a6374662b9e5aaa8e824f935$ubfvucycyt
499,$35fb89310005b4c7a2b5e64702c8341a8f78a25102b7494619a6d1db6eb0ec74$ctzgpoclcc
500,$01dc241171df0d34c3cc5af7aec89e36b42c5f273b0f78fc7a6a02c9e27fb9e5$zfskovhoql
501,$634089bf34eedef3b7c3c950e29122fb3ab4a567283384dd9fc8b20b000dedde$vvsjfrzlsy
502,$04963e1ff490d8e787f5e171b9906a849f7e9476a7717272050ea20e5326ef8e$kqupalrbqv
503,$d6f524b1151946e05abfa02f7fda44224f9d2ff5622dce1dfbc2d5e21b57ce57$tqfdembepl
504,$1c40a47aa8becc0102f93eb8907e6302d6273791a3ee61565d8c48c734a9848d$flixnmvglh
505,$6889e0a1fb8d21c0ce2a238e22230555692715312f1dfb44dca0e85790a7ae37$xkduwrftaf
506,$10912a000f283644adb194c1390129023cab51ec3c021cb63291a65d2c66e1bc$lgxlgibwee
507,$3f5c608d4446b1d7bd3ac5213ccb02b342bda6aaeaf628ed815755a03c7680cc$kqsninfsxi
508,$d8b109a64a39eae410e96c70dad5cf725fc6df00197872dc0d0e99a55ff5fbe7$qtfcgfmjjh
509,$59bb0f1802defef35d4153c847d678f5acc7bd55e3cb342fdd9946fb6f4a7aa9$unwiouodwh
510,$b0c7b2d6569233b0cc07f0f00f2ecdb1b3633ecd3b6e5d89f1ea458320ecb52f$qsatecmdbp
511,$2f981c0e7937ac33643f848fd08b56d49ed8a9f5cd01c8ea04f8d9f7bcbee74b$tjrtyelsin
512,$9fafa417af6ce29fef98eef64cccfc047c70a64318fb2287ef7553d0450d4bf7$bhakndepnb
513,$af23dbfc1b54ed504b39d9f9de50d6a10179e174c44a195bf7cd0e8ce795045a$fcasxawyuh
514,$96fb0c5779df6c63105c457a95d44f3db43ffb019d18af678164648c3f14b4eb$mcyttjqwut
515,$41e2a26a5359494814511ea709071e3ea74a616cec81626fc1842c988be7fc0d$ivxnbmofnx
516,$67cb63e5d3461cc8a0819b2ca6b20c6a42b7f352f2b922810f93ca4ddb1da0e3$dzjjhwzlxk
517,$9f1688ef1fe0b2a0ebdbb8ccc8c26e47d1cfdf7917eee886484943c31ca1a296$vacuvltqck
518,$e0641c3702771fe3d7fcbc0c523fd16a6979e4a9b94b8e7d544f432ee85a7990$ddqazoboum
519,$1bdf341c99244d3911323febc6a5c82969a9c8644fa7a1ddd6ef06462fe1846d$qoqpdqjghl
520,$ab76175392c13a1e65f5f4a37b0dfd4a4b630ec645c1245e7d0c6c1d332e395e$ftoraefuka
521,$afa458f06614a4bd5bd2d00805b617bd29959d98afd43bde36e73b2f6f13a828$xpxalxkrnv
522,$6907fa0a3dcf7d3a991ae5a95951b1da702a05edd777eb025c6b2587bfab5525$rznnoczhes
523,$57e9035b71a1e5321a160aeff6c94976bc3fc97a33926556fdb5e4eeb6cebedf$chmibtjufj
524,$a02e2a5fcc623b9667ee47fbdef1726302637104dd7044a140bbe6b5b92bd0e0$uzmzbycokd
525,$aa41a14a7d9ab0f9d32524daed3b7a8d7a89e2d10156639f59a713b85068e682$lpsnjubxoj
526,$e7926f9c20e8c4e25dccddba46a38d6519a7536900b0946ff4d2fa8861fa2c96$nbfhyutdta
527,$ed63b3ea04a10bbbafa0b3293ac282cfb24e793fbb6154ebb5826b85ea12c041$ibepvysdkb
528,$d62fc0667f007d7bb91a986fb4b2cc1dc7b659f03e83813eabcb5524e265e2cd$koingijtzo
529,$aa8b4a131d70c15d6ffba05094b91e0a11840cda9f26fb7eb6ce20a2b8dea8d6$qpscfpfywg
530,$2a1042f4fa1f478030681cc3976b1a0f021c069b8f3a99a0394f3c2b74cfaa2b$qzvxmntmwu
531,$62e4505492b5246ab355b209c63660e585281ca43af05f5eb8bf8acf80f50ec7$xfmfdezasg
532,$27375e0d975550f1eb96990cc75ea83f344793b4a9a163d2ff5f4d22174917a8$zoanxnkpfv
533,$9cb6e4f14a62be76ac8cdd5751d984f1331bf3cf22fb4fbe3b7609127134549e$cnkrpinumj
534,$d94cd3f6faf84a764b2d9c2149daa221df9c025e4f877bed39510be626f21088$yykrxgwrfj
535,$8e6ebde4828fec704c9c0aa1c0be4c676dd69c4ff3170a514a0d7e6daefdac70$ssxuihcerz
536,$c21143d6c4684ff6363b5a1597c8a8fa59a028efb97e5d4df80066cb1d7183e0$gwagtkbvjw
537,$f16ae86fdac0825dd8b840f148af68de748ab0f288350e1951593e4cbe6c57f3$kpvjemeuot
538,$c48e84bcfb4ee38d198d2e2c525205910f73d77060e82df5fe537fb3f9c91f90$bshzbfiafg
539,$cba70bdc7f226ca32a11d8539ae52e8c474902b921cc7bc82fa9d62894de2a3b$kezaohxbug
540,$957fd4bbf900a1f0700fc88d27fc9f273a7886a7e159d23bf82b4417ff7ec970$hpwsjobvdo
541,$5b5ba11d71b13753eca615f4b775c738700278992cf525f830d879df660950fe$dcqqamknkl
542,$9cd07185e160bbbcfb774a14ded5d98997179ee32ade47842fc28fcbcb4b8eb6$epkgqcmywf
543,$1f28875c1d6668def6ca7a5f1ec6ea8a7a0fec349900369d1bb834750da34c11$ymlqfsmiat
544,$176e3723c8bef6e523398312ca180ce402c5567e222e628dc274cc50e0a1e87e$zdqlocnajj
545,$2c2d65af37cae279a193f9c8a5121c36b8e880b9381c4f598db165c2824a5fb0$bcouuqgawa
546,$2b64d8dc9405470e4b7e01157c54fe209af4b9b071b428ac1515e46ec31e2546$awnftckixq
547,$4539cd2d96d3e8eeddaa2c356482bbd0313f7ea5f5b043327d04649cd1d065a5$zvlidhvvtu
548,$360c2882cb820aedb76c31c8d5374127590dc1283379e34082e2b9553924e885$pkbansubyq
549,$1f9a034ed004968f1b4948ae5ed71fdc6fd5adf6c53b9c052203fcbb4b672267$vkfmxaybgh
550,$c1cec45bf017cd04bedc64ea2750aba2c86f58b5d987ef32265d6c57c3884cdf$vphliozzrj
551,$7a8827dce578f5504ed1c01963b4f99f1358adda6949a4c4563462108bdd3839$uissamtjdb
552,$c83cf504708957562d9c27796829ae299aa51e8d2d9492ac81475c8d43380c77$ygiwfrvdfh
553,$be01911a7b2f4cbfb7396a42e21c16a05880dbcf90d9a510fc12d73aca9c3095$liivvlptqp
554,$c463fc5f3f20d035e6d8532da77e739a40bc05646b9f24862bbc2946be252fd7$bvlmwfnsuy
555,$62bfa43419e09a73e60c247a7c8872a933036edbd1884589502d6d556a43b808$pxrjvdouxe
556,$ce2eee6a9207d4d945b50d774f18184742b00d3bb78d1d28b225b31900c5f1e8$bmjzplphmi
557,$6bbed27b16cea96751fd6fa7080beb1d67b4e0748885a9f7603914e7de6b9fca$yupdrmvefe
558,$a3c2dad4ad0b41f84c3406b6fad359644d7068e9b9faa8c07b5958908d28953f$gwwdltfkqs
559,$e9034341c8575ec7cd1a570cd5fa104b489844726283d8a9466c33c56f0d3342$gbbbfyvzui
560,$56d0aace81e3b118af14184753de0240f83e2db4b85d6846b8421b9927a4cc47$apztzwlfgj
561,$f623c2ddbda33b080d7d2026ec6352c9fb38ac49daa6ba9b78a603a7f035e711$papeibjlnm
562,$fc000fb5a948d56610d8db7a385b7a813d8efcf7321bdf20663127c1f657eca3$irznxahvni
563,$946568d00037c1c0d6de5e84378cfac82797c57c98f80b89064015136242871f$rfptojyoup
564,$443aa609baf6d89f53790b9153ef4e3313dfb260654a522cea76a4691651ff01$xztucrqock
565,$6339cc245f150fd6a1f056542748b581e78726cf3b6770bbe2825e7c241940ed$nzqctfcdxr
566,$cb805704393b6aa898af60c872fde9b15716a3baab44a049606e29d621c391a7$hpshvsqqvt
567,$4911d9cee927625b65e3b57cac909cb70b4ac4ea235efba820a29231008da10a$gconkubvgn
568,$1c5cf03d06b4a17064cadc0e04a9d71de769baa37c73f5d1176253c3e9a9a05d$bfuidoywzv
569,$f450ccc23291c7b0f23b28baaf6318663c61a1bdf56269d28dcb8baebeb2607a$ukvqielxqb
570,$0ef9987c4840795a82ab0afd9b7702903b35674ac8a4c02ddd3f5b2a97303a74$pvatqaphog
571,$670dde81ffbb274d87cb4bda851e48d2ad53d9443f894aa8da27470b24d3433b$svczahpbcz
572,$faf154d88a9aba8b05d4a8ec1a722d8b6b5e9793fffc27ba7b9439cebee63567$tnkeraudfq
573,$660cc2148d463bb43c53ae6ac0f4d00b6f0255453feea0a761a4ece5845ac13e$uzlpfobmcw
574,$5e7e35069b2b5622d5ddc340db37a6dc1204e254a1a7848fe60aa21c4569d0de$ligznifxmy
575,$6505196901f4b2274faf7f6aeb2b51352e668d9c4ab6902afadc3a4029d6e816$qxhzidnhon
576,$d057ec5b7613d305c3ab4ac3a2d8b062c4f438c0d8612fdcaa727c656b57f511$lwpgefibcz
577,$cd936b768112aa930b7aa28835e0610f159e6a5b304e4b542f3e46e039913909$gmmrouhrvo
578,$030b6eb9904a533b4ca57053920e1872c8ecce12c75be51b23234b99113f1046$kpapbwhtyu
579,$6e7968be78bab5ec66b9ac486e1e4dc02c52f588fa3326a5a9ea7b67f14295d6$amkasbdqol
580,$e60f2d2aafebf5111130eb1247f3025783d4de5c276fff225a412fe908873d57$ofopaejklc
581,$7d5c6885b40e316c9e68157b6e162581ebfaa44c45a2172a1936697606bcc4e7$vwjhtbqrar
582,$22d74c23b58be83c096d1223ca19d0ca66f592edce79938950097bbbe31bc02f$fsbmgxaraq
583,$60a646139ebaf7ebbcacbc81692d1612cb7a76c622ddbec67df6b3d4f8ea5e24$smjqutaaqn
584,$299ea4f6113e6d36eb4ca24e48bcd037670c3e7861d8c7174fe3303e24925685$bacwmotcuz
585,$2a7dfb123274ee782cfacf2bb5afdc83f453dca0a061483e2eaf83d0b5b1779b$seuthpuyof
586,$606189e0131b743867d1aa60a6b6290f12b33e410e04726eb115cfaf7f9a9e8f$crqbzfwhpu
587,$5d59a9bf1cd01e5278967db94a2b21d95c8bf1cf63a8deb1307acd32b72a8fd2$wgzkcszgji
588,$50b3f23bb964bce7bfa2fe1fb43cd513805772f56674da610293e72790360d9f$sznlyuqlgs
589,$f309a1bc0c0d3c1165d1d4442926ab1b2802f579a94d17ae84dfde739c5c0625$ewnzpfvwov
590,$496f61f4c4011886b70520d0f2b5c0506da7d493f61a7824ffd1ffc579e074d1$glihxbinre
591,$57fcffb8d4656621a68bbc9d769dabbd52d92d234b99b1a768574d0a033de613$ejpfekgckl
592,$fe6522fca30691bc23667169aa8463ecf501ccae7e3171e70604d7cd1ff24656$jepufxynww
593,$30cefb97cb59551e1af29bb6e33d82df3080591cfbd7e7d21c5df5f78f06a612$sbdwkhqdks
594,$955f1bdc7c1928bddda4870dca12fae51b3775378dd1ebec9e47b372a6d9fdf6$kejzohzvjz
595,$3e6cbdcf8325e61a6867fb24c1fdff95cea49faf650aca7e54594ca9803f1ab7$bikolokkvf
596,$e9f3e38b905e7bdfdf8e512d0983843d8d28db405ec379a02bfebcf1a56f2484$ytwsperoeq
597,$4bf13979e560416ce7c4932a824d32bb27b66730da12686c8b091be84a0c4c71$ubckbmbrcn
598,$5fcdbb13dd8aa91a999c22568026069895a2d6c0a63dab097853ed0b6401fb41$ytadyidbrz
599,$05f0f6a17cca2de30c6bb47a0e7590960cd4af229b7c59a5280057dd45805446$sebwakhidy
600,$e8d6679dd65b600c31cf8c6159b63a5a813af13b34b9c3affc1ff5816de82eb1$enkcuawhkl
601,$8200446806c9885a19d0a8def89a264417bfdc537e049423d33d51dacc0a936f$zvssbiynwn
602,$2dbfbbb989c0724bd7d179936f9d029962fbd096ff69aa958726573e0df64644$rnhsgcodfn
603,$f6403675dae96b1d06b5098e002741bfb24b73e761472e124c4d35730da428af$ljyayurhat
604,$e79791417425c1dfd9ac2d1262cfdf1ae74ff491fc598f30fe260504ecd196a4$bxdrfppynq
605,$208365da9dd9572a34865312f4a3b75ae6c0f0af0742cb98db44e07a17b66f8d$wujxxgejlt
606,$2a17c6b9f316dbe2757f5123dd5e9a408dc7e6a46a6ee4dabda637fb4a54615d$xxwwfwgjiq
607,$2b58919fb0887643156d62b8daded9cb518c8717e5cc6a09a308d9265a22f303$zayrrkquzs
608,$2498ce47908f905bd2cabe0f932e717b0bf51b8aafa79d09450fd319d5239236$kyksweaduq
609,$9b48905fc89756ee541214711a19ff9c63fde714ef1f0fa6ae2a853f6690701b$ejushwuuvs
610,$7c5136a3197a59bc4aa79e407e38686ada91076332d99bca0d0d76f07001ce45$wjzlmkocwx
611,$1749dee9e4cdaa92a3de7ec7b71933c318c6bad991c6749221c12759e4d308ee$qipyqjnrms
612,$c5a74949f3763d1475582731f55a77c88438bd5295de9bb8265b9c4d8e41469d$jvdcqkjlbt
613,$9259d51bb5b78309615a33891b39c8837efa0e610cdbbf993230bb473b3b4c00$ugrtibkiux
614,$2a566f021aa02179b98899f81e44808cb1681aec58f2b5e8bdf61a5c75c597c9$stgyogsplp
615,$0c46cdb611d7641be7a860a83f4112aee108b0fe7592cc8896895113763adc27$eijsypxyfz
616,$8413f6bbed18041dc7e31143fe0c00ed363ef8ef31c3696d19fd703d5832f0cd$ercvszwklh
617,$07d0c1f6fe5d16ecf796ac060803646027183acd6841e455d779f4535f421c5c$ohlnewqwkk
618,$81679b0d9895ccc9e2e8d4b10c6a7fb2713178bb0112d76aa720fee1620dff5a$hyyqjtltrd
619,$3be860fbf502ed621c27f014248964dea337f1e310d0001b2083b796a9552b58$skojxxpykd
620,$7baefdfc1875c859e2f7f85c4c75b2d9a6a6346433d90ffdae583afc2da67e42$zbujdfnffl
621,$b6d3894c8420a4ddda68f71b3cc1a52b862c2ff35983fb836c22362772cf3ab8$tljvtlkwqa
622,$9392f979f829240bec06c41fbcc5ade555b0e40c9952eccaec4e9d01723ff6aa$vfenfjqplm
623,$ce7d4450161685eb9c2ef19f11f7fafbfd19acf487c3903c956d474efa7e6c81$pskjahdqbv
624,$1f516b7e2d68655d16f8b0cb03d112086d248363eef03e80f82b75a045e83278$dywetndvmv
625,$6c5e7792ba4b03262a64cf676e028b1c9f71a21e614e53684155fd5d0b0e220d$asiffddazo
626,$9059ea2471c82d9589f64e58dec33e4c05e91c4767870b5e1d8c80fadbf5fb52$ibvmjqyxqh
627,$1607acc498ebe9152a22d3f0fdc0f9ec1ac8b980b277a904a310bfae4d640d29$scjswqyofj
628,$c8ec33b14a7800eb4e0660b7325afdc42f1023e1328c9c75bfed1fdd7c6db26e$aihvelyadj
629,$c0e887ffa6bef9e704f4c73fdcaba6a89eea87c9949531c51f1f76a155283a59$bwlstyhhlb
630,$c62e00db44b79f17ad66797c2ad3c33cfc0294463f985c107f274b8c3f6b0ab5$lahkzlotfw
631,$2ae8210903d9bd9ed39b720c0911225c67d65525033a849c3632277c60298551$jzxtjtqtge
632,$39169a6751c5017af927c74cadd9cb53148f68baa06f5522bc09100e44893442$tkfbpplack
633,$eeaca466d628a33b17234ce9ef45cb582494d5f5e7d959eae630a5699aec4d57$abrknitpbe
634,$d4b3d789743c8990952e28107c08e8b9f84270f74083df9d34b8d1b29fd62c95$suseytggdh
635,$08d99903ccf511bdda4f31271047cf1a802e106184003386987362c92246cc16$nbgktziquv
636,$578c89093d8c8fbb7f6dd64800d912807e802deea98c2541a6fc44ab989880d3$ckedvpuhcv
637,$4adba74cfe5dce1b435c0932b263da550ebdb38b9dfe2b2978a25a562f0fcaeb$wsgosaimeo
638,$36be2d9402950730e8eaac977e2515479c5d9a8a298baf916927ab6954b7e3e9$gzmsgvrvlj
639,$9a853849b714d329498a62e499dabb02738ff325955d64e451960568a4013e54$duqhekykxv
640,$dbe63c56a584843ac974944cccec889c25c56ed0f8a77ad2a9eb8915962dea64$edvwhhdgdk
641,$cada5f998c229dc82730e82d02fd235d30c982808737bdcd6b4bd251f58f49b1$kozdcmlryl
642,$5b36e26b71b0420987193055e395d4adb9875e709cedfdcffb63ebe9d96be92e$xmqmzmonlq
643,$1de6b4d2c0b352862191d93d521831bd24a75416a118ada303e03344fb2cc353$tngymhadlg
644,$e1ac89beaf918db29b4107e2641b8aa65652f73abe637f2fb417a94f6ca55933$hopqccpsqn
645,$edf3496259f5634a36e64d42f05f8db8b1c0c3aa03c5bab877c16078e302ded0$blzhjmuloo
646,$8e58b53c8ce47a86ee3c4f329cb399e45aea8e06274b670bd6da6fbc69e2c2a8$rrfvkqpmuu
647,$3c7282ad6d2c6a53706daf253d024f16e4ecfa5b17cf8bbfbf320236f3f96475$uzhfodkrbt
648,$68a5b1b3ace01a8a3cede1f98247885848313f416e7806f03bce2f428328f5a4$wndptsrlst
649,$18aff82a73b6aedb4804782d68cf335b45b08d865b2e8c9dfbe19e206f141fad$qsmrcapemi
650,$6df8f1c46328451f9e80970be91ad2870ab71a307c3d51c4979ca2d5694a7069$luzmlqwszf
651,$dd4b1eba356378d7564235587a461a1a90f6efb703e22a5a22ee610f974cb484$qlbvuvzjtt
652,$c78803c23925910d4eab7409ed50a3fc31a2386b1fd7df62700c8ca6292dce3c$jdrogogjrr
653,$b2ad80908e3f60862b81bdd080e79badccb4781a954cdc051d9046c72a6c1de1$fzzdaplzns
654,$0944c19fe795a73c9e4aa692ce0f7706e8092932463d9790d49a087eb247a8d0$devakrncuh
655,$f25218204063ad38dd60d5a5da91dceb4aa5d53f2a8c022789d885761093e752$fchupeyqbx
656,$27e4ec33089fce72641daae4dfffac0979f076ca04bc6a1a1727af3a24fc2666$pvpkuahjbb
657,$cf02cf7026c6f8c203638bf178d0453a9fd5d48f22d9e47815762154ef3cc6ba$maepwviypw
658,$0e07d992bef35c52a4325c5c37dec60755fd753b3542d49cecd9a85536595b76$fdxiizgedg
659,$fac3aef7ae0f80548638a64d00192802adcd5e330774c7aeb8f9e2563d3698ce$yaghajpzav
660,$3b317994cc12007ce8551f6e5f2697191fbf481928ae8938806ee8ef13faf74b$cntnbrhech
661,$ee198928913ed4206a05bb972827e9cf8b0b451fafbf76396b783a364148bfd9$ayaosgjzhj
662,$ecdadcf3b43bae46d8abebd529b682987155221e05778a649b83ec526cdedba6$zoxyabfnzj
663,$0437cd57151c2f96702f13336ddb829e31351b2005130f6b01b343f163fa2337$lvnnddcepx
664,$b24b967c7bae03b2f61443468c625c3a8d96e0f19b68105e10b018c5bb9f3477$wclpynpglg
665,$1aff4341513ec2b576701a4d36e1cfcc060b802b2c894bf2806b4aa2d42f6b17$ebtqnmazni
666,$723d4a7da8cbcd20880368e03c6a88aca623aa43f4d3734f15c61c85dd01b712$vhsyrhcxag
667,$a3218a1fd650cc6ad9dbfd057c2ce3c18df68a01d652eb1145c14b13972bae21$pcfvnnhhur
668,$3895dd8d0b5c83bd0c662624a412df1b8a6d67ad8d947e42daa87c78baa3ca82$kiepbpuoae
669,$ca7fb0c70d9a960e179aec177f18a8a25765bfcead41ae86629f544ef630a33a$hbgaxvkyno
670,$67806cd7d3bc7446fa34814688744d1d863305bd58670ccfe5864c092d1a7275$ohrzlomrvw
671,$b04d3368be386c4be1feed3149059a00ff1bc8aa5a9254f6a93eaaad8850ff8f$hngzldqlke
672,$82a946ad53532f64b092a35c631fc6d77d416de88add620011918ab0c5fd97ff$nguwychmlj
673,$1e21ee52f2c1add442650845b9349b3a9f43ed07cf5e2a3ab2d9a5002bf8ea50$sckkfaplnl
674,$9980eaf3bf2c10aa364b37ca7acc939aa60e25c029aee726f4fe340acf8783ac$wgjohnrcaf
675,$cde8c23c2d2fe887a37104a33c439e063e2c5264a4fa8ac45ec8517a212a0bc5$loaoosksnh
676,$72b79b18aeb129685d8c52e8c12a901449af1485f6f94e2be39dad4c2407de9a$ddswpoffld
677,$7d51cdb399f7d8002ae446fb49da7f834a0977d0744ac077f774c2b236f96b70$rfdpsrabdi
678,$b626e07fe48c35c88753420e33ceb8bfecb06dff882f6bd37c17afdbf48aca0e$faokwnzukf
679,$6425953fa060dedb9a3ef91fc499b7837ed73dc61ad28ed1bc8ce4fc3afc680c$lqvteiqgqg
680,$07163a332496d182fdd850ec4228f4df46bdbbf498f659cae15e58911feea87a$hebicneeaf
681,$efee853e7d0f331cc831c092d1b1577b10abe50eb3a63cc4feffc1ed9b0e082b$xbffeyttcm
682,$22c70b5807164cb9261da8f28ce1b649a5068b811683d47f005b47a89771085a$zxdhejhybz
683,$6b2a738fcadcf9616bdaac4aa1f17b4107b38202fea44771ff74c8f4ca36773b$xtebcrkwky
684,$2cb6617eb12bd4e759c4e821e09438795308640bd1768b7ef8307ab8bb6f0b5b$nrrxfrcton
685,$37fefae9da6135b0df6d4894ef050dd28867b52f22f41d107e659951044a8dfd$mrzhrampon
686,$7792b97d56fcee07a05584539f533f620dafef87ef3c743be756b7f56b7c7b36$hldhsqzlyk
687,$1016a63ea5c7445d17f8cb2daf49ee06c38ba7c91dc5ccbb8b896265dee8ecbc$lhvtwqyvyc
688,$3680b467fd87e1c744dab67df2bb75108c13fc7b7b97ccdc59a30bdd609d85a3$kuvawvyhfh
689,$d28fdb13bbe1af09058d3480ee38953e0cbd70659e492ed2f75f42bd092c8dc5$xyybootqsa
690,$2284ece8e1cc0b173c568d1de2e12c68f9ab603476ad7968796c61aea969f67d$lvnkgwqwgw
691,$672c8457e7815e4ca92a5ce0b829638f2fabad3a0d8e4555eb38df2eca73c540$ohlwwvvhst
692,$42110cc042c519202e69060effec8b1ecf2fa641be374ff9db5ced2b4a6dc517$npuavvdbgh
693,$b88d5e78f25a524f7b48f88573c96ab0784923a9e65bce92eff969da2b2bd967$cxeinxuesj
694,$b0e5dee4fe9fd1dc60e5a7f0ab616d37276b96decd3323872c2b776c96bc9b77$zmxjbxmsfn
695,$1d64aab9675f4300f412e185025d03add8c9813198572711aec5d26bfb3ee9b8$uokoocdsof
696,$6bd5b8c0fe40a99f8572955e08f5ae117fa6f65b135cb1de74fdef27fdf1748d$rrzozxpztr
697,$a8f41d55d852b37338fc2120ebb0e929edc5f42f81531513be622c87106b458b$aezivxypcc
698,$df438b1f9fdcd9432dbf5a9639a24736e586afa765a80d2e3c9d78dd1f8a2fb1$qrehcmedey
699,$7234544848221d90535d194d65bdada0af9388fd4a2e5f379965efd44804b958$qnbbcceduw
700,$6770f358cc4407231938c4cb6bda228bb753cf09c7c1465806e86ca69ef1f94b$cverjxhilm
701,$d1553b802cb2309eae864caa000fa55e08a257f6ca6b1c1e0847919b141af371$mxputdsugy
702,$249d10c826e37f65c2d0fb1608e8fa0b75b1bde9ad46b46ce27ab6d7bd02d348$vmgdsofzpp
703,$0d369f4d1d7311c41bc6857596334fbfc7a2c76be4839bf21b488339030e327a$rscfehxhno
704,$e68b8e9ea8921b3494458483c5e124802effe356a4211072e589ed10072c5bdb$ygelzfqpzd
705,$89f40ea7a5ac6ac3f75da4dbaa3d6526b7dcfda5c5a34e9e7beb7716f2cbdb29$ungfiwixgk
706,$e8cc855262256ddcbabe70c07e09603419fbf4d9b1437093966235381dfcfced$wncodxdkeo
707,$9a2762792b4033b0cdb90193882aa09ad1df37187c8157a3ba75aab9d2987eff$viivrbitre
708,$25995c20c13a3dea78b879b7519dc92daac438d5c7b7520f5fb926affbbb1322$sdqmdkuvuy
709,$1140369284b264384ffe2bd17174dcf15cf2a243e6b46039fd5f52de201f2799$bjtjdgjnar
710,$3f26c4a22172ba15cfdc7838b7ca56cebb9d41157208eba00b3a302b31d8256c$unuparzubk
711,$ef66daaaf9b82d3f20828d60d87eecc77be11b9dafec074b120f81c4e74475d9$lgqbnzdfji
712,$f41b7fbabeea953b079e30bea1368f7a0a790977f9c7b0a9b35399b7e0b68599$ishmkfpdfa
713,$fca98e6401c960a146758ae764e37533e9b83c4a0fa4d12bb86a45a60ed0350e$sfuzbxegba
714,$a39ba014f5ed7a259a38a506f80d341a4cc6a932c97c9c9bb7f0ccd4948dc9d5$vcyomfprqr
715,$ed6f0f079949b5fd0850ff6f91c69f965785b3c6dac41a986f20a91394ab192d$jjfsnwtyps
716,$7b47cb90ce5d242ceb7dc8aa8e214cde5847172f9fe15731236a6ea560ce3ec7$qrwzyrgjcy
717,$5e109826f41b9dcebfd3828816d95f3e9d94dd06b7132e911f3f17ef2c234509$sgwbgubcwg
718,$b65310ff8611bcfeca1b740676211d9d1acee9c6e8fac67a44bf73b3bce10480$wxvnamtyfk
719,$7325dd90d9aca0f0318ca5a81c8bd4120b8c1d77474c7c6d5657a87ab80c1ca8$iqgzizuhnq
720,$4a45ce3737f6756bcbc420dfb1aa6a1d1b0af3ece1c3fc70f6edcd50ef5772f7$bgflpmqonv
721,$ea318ccf984b8906d12b34c7813bf9076768129785bdaa6fe0ea8b84a2cb952e$askqrfluyq
722,$f533355c34a9a6995759bd97f59f46a151f41d5a7bed313a76ce4ff37f3bec9c$sbptfcvlfa
723,$e3b299732f2e095448aeb6df37e0079f4e06aecccc92f7ccfaeb0cd9fc00ddff$zmmvgvsykx
724,$be20c6488ed8e8ab2b887dd3aaf62cbb367422a40fc133cfdcd8958435eda35f$ttyzssrljt
725,$10689ea521e3a0d7fcb37b264fc66b0b039e93b485fe1d3adfea545563ddaf7e$hasykuzobu
726,$49cb7c78284309da3815db8d4160388547e30e8a79c4c83024146fb1c37fb96d$duejehxleh
727,$6f9ca3d4f4ffd359f4e3f46c71ac17b91cf1bdefcc1e7c561b21091e5e41b5d8$lwfdkubwen
728,$267cf57e0a29b044c945fec36f27c0861f3b9cce2d39b4d5512f99820ee12d97$tqyqejxanz
729,$a88bc10fc64031e5e7d762f76cca111e713412a286df2857defc4cef9eba1c82$kxnblmjrqf
730,$9ddba643ffecd39f4f454094cde6c1281890a8ba0c55e98157b4d5d6d724255e$aaanugbxji
731,$6cbd290ff218ec706e9f12869e3bc5b0480f8bfb5606c380c6f9460c1c8d7b1d$mqqfplkjks
732,$91bcd7e35354ed566e66f23e0e17786831f0d6ec75cad4f5a078e205426e11b9$przvzomjmr
733,$9a4308aaf8651e4390a3eb67dd5789308c9b360b1d4d5805dad9868044c7272a$czomvufggq
734,$3f25ce7fe6e5bdb872530bcb1b0b0dc257ebcce78fb0c255ff42b83008f1b7fb$qulhxankpc
735,$5bc0f5f587ecf4807fa9e26d04842e47e01ac70572f335d64d13a72abf8c48ef$lbqrgfdjar
736,$3ba435a2a366530cfa6913d12707dca814a26b67c7b00b9f7ffa1dc7c1f68c82$hdxfltcgvx
737,$1370c2a36c42049f2f4e9064843197974f17b93f2e85ae82cfe75ac029b00c59$ttshmwkwpn
738,$8bd297c1b5c4012cf37f7250d403226d01524e84b077fcc0b467a1071ede5a7c$anxcckenwt
739,$c5d8d7949c86a83f4cc2fd388d958b12b4bcded70fd04d70d55f91ca85f8508d$aoxpdiipda
740,$98b5e4287242cae665a09332c76b1eaa0c303640dc8d9ba843b0ab7ea6658148$yhdhepzgwf
741,$e85851f54cd143ed3cff067a6f6851a26b9ad7dc443fb5472c0cc4f5bc8eb680$jnytsocylr
742,$f72b21fd3109d055d27c578ca119a6f00ba7eed824d34e34e48e5d59e8b5e90a$keqdayfkue
743,$e9a7a83e0e7f6ca34690970344fc7ecea91f24fb0e759a8e3ba4a0d4493f2c0f$anqsytemxc
744,$c56617ca77dad82c77e5ca59ce8605c8d3bc55516f6741ef291152401c1a9edc$psdzydmqiz
745,$379822dbc8bf62a0d1ba9c79c41640bce49afd173e13acf4d82e48b239556748$gzccrgmcft
746,$e0b286a637b59e8e27c0b2b01131a8b412d097b19773bb1fa03f2ee1d9c7d968$svqlckhddx
747,$10d1691342c4c49f0b7045cfa7763f28b33f4b9906cbf6a1a45f57d1157197a9$lbusnwpnrb
748,$043461bd301f530ee8bccede9c62db101f1e05bcee9f22966367a4d5536ea0a3$qtlexpdgbt
749,$5ef10bd136e8810cb79d70f18a00d3398bbb96ca6918f86d631651af983fb47a$gzrphdulow
750,$51c4ec3399b6e59ab624b0584790cb0b8b0c443c7e95bc365cdb526477b1c77c$kwmgkrksbw
751,$c8ad29cc16342d173588b794236ced10892f6f8149f9eb1211eeb8a215c0cb74$godvjiixrg
752,$928f50d4144067d9e6b4fe31874aa5555ec27ea75f6af19203bee018147d83d3$tdevsmryom
753,$d9ebb290652321b94cafa8153d88f295ce655c9d8753704f306bf89463a16f6c$xkwiuyowpn
754,$dfb0e1af205f94ff43ed9248d8962e00b71b65360839f20ed2d6b79a873c4f6c$loedxjvhmr
755,$c9f0f79b8654cecd4dad43efabdd0951b31f30cbfb42c5ad7e4c6d2c758a2df0$jtjxbxnyii
756,$64c55b838b3022d7d7d882e3d2c1dd6a4f8dc5640e6e342b5ae2216885400fb2$oxstuciykd
757,$20688bfae8ec5de977a8f97494d57b03003928cf064afdf5a05345634f71fe91$wbvltshmny
758,$5177d78265c93a7893ca245ad3e84695142747139a42d238a8953548c30a2214$vjvoxlintx
759,$48f36b89f96196c86d488ab95af876518ce504f83bbd039f740123648818e297$uflmirgbrb
760,$472519d258c03f830dbe68199046ae4f1fd20db30636e2c8ad098e3db76d9bbb$kyaidueebu
761,$2c11d16f56043150c4fc8d39c04547eee742f24b01cb2ac1d2af5f63e52b3856$qscyjorjwg
762,$7e4e49a1bd8047186b7b478b026114eafe8b94b850d39ed206ac8e1df5689185$mmhvathcae
763,$3a660b01f24ca03a9494878d0f6e81f83240cf70cc307e60e1bca8d65b322ad0$bcydkfdcsu
764,$3d46f0554f9826bddec77205fead2414af5ada30c71bb36962a11e30e7309c85$dcbuqljyxg
765,$a88b5514489c6ce03b548df9a394cee7a5541bb6443b0f5dd2c0f4e2a72523c4$kifuesbnbi
766,$04ddd8f0df29e19b7397e5d387dc3fc23619d466bb4c26eab5995198dc40e4c3$dfhkwbxtjp
767,$7e8ea258f5e1aabf0b6c22de993db2432e56034510a81c0a6cdf35b9a446a45f$vbawqhdetr
768,$be0379244602f8e1068f7834878e9c4104c8fcafb9a9aef2e44bb0575739d952$gvtugdkwpl
769,$d87855ac1e847d4e4ee88bdb22a2254cb38cbaf5ca383740f8e3b84387b168cd$tewootbavr
770,$e4a6c86829f156fecafec6eaa533e7f5158ce034c30a8d43f6c005758be759e4$cmsyhpakxb
771,$e27e15839fcd1b2fa837dd1e7725544f93e7e7480c071178c28c6c8fa44d35dd$kqpxeuwxxm
772,$b3e44c7abb13c95382c16a7e8805f8ce300b61ba71194f77629e38329db292d9$jsbpqoveuz
773,$8296150a58a411b0d0e589a56df2f171a9f928923fc8455dab578e103e12e4fb$tfncxojzro
774,$843fd84fc19c5a48ac3ef3e11b2ca20ce76bd6836a11d7d8b299e5f095285077$ckyssbzxqf
775,$9007d6791307833c99aa0fd34e7295913e9109afb3a5aa195474b02ca633965d$eatcgalxls
776,$65031fcae47629a805c7a3d89586eb038248498e542d61e0ed0f6ad92fbe35b6$hjtwjgtupu
777,$ef948c87ddae7025a7027cf483ab361ca180f5495778d9c34f48ebf30b65472e$mcezyadxnq
778,$8b5be1586718cecc20588d06ea0fd1e3ff20c7b0325da9e470860fcd4a0fb41d$lhdndbszcv
779,$f530973e833b6c581613b015ca41ad0a6bb166fb0f4d997dae38a52e2dcb7792$tupexpviot
780,$8ce32d8a9e57212d850be2f4489ed7edf3e41fe1c8184fb40edd048891f237f5$zxkfbbacdf
781,$9595edfed9ab52bd5715c12be74a19050bf13be60df0cac6a8e99d7a7ca734b7$sxlvlkhyrk
782,$75fe3150ea637ef44b78a6a5c182bf8f585f1ba6cbea0c20c46a8287837f3c0f$hxzsvnxllg
783,$4c2b75a99c768b1d37ff680b3f3a19df3a96f784c3c0ddeea4bff7de577ba8f0$njpimkzlem
784,$4f5997c3a936c60d2b51656f9197816b6ceeba55ad52a50aeb34668f2ae255f6$zugywpipzm
785,$d0dfe931806b47333b3fcb22036c27612672d69ec3dd2b94edf6a5e7654f05c7$xjeykazuuh
786,$c3435a5122d1f39b8c916c12e8df483c74ecb4b40c85541fe1e140fc898f6b14$phpmywqaks
787,$e774703bb3c289e11ee4769c2dc41aba4432226441bc59558b83f6defe61d4fc$cnaxefwmjs
788,$6f0f7f043cad9205b7d3b0d9c2adc8b28dbd4818bf35a30e4777a101f8edfc11$fpuvnxviho
789,$84f04917be05c1f01427ddec5a4e9a7e5da0c766bba146e025b0a868c0279dc8$xtujzsxlsv
790,$e7a15ca1e733125c81f55ecd87535cd4668bec923f575463d294ed1d4f52c147$tedeepxtsl
791,$8ac6b90d6eefd5f5c6239dd17889bddeef59d2fbeaa263bc46fc32b5c543e074$zditceakzk
792,$66769687b5453a12cfb2985de8d50105e5baeadd4f28f9d3bac0e75dd9d6e2c4$mexfnpulaf
793,$1edea60735c4bf0b7fba47bc3d0b7cd36533fb32ea8d290e65aa858287006607$qjftumwvtn
794,$6f48df201b5a126b179163b9b2017a9528a36f4ebba14604b335b2de593de661$iwvuxjvnqj
795,$6c392d725c7b3e0524b0fd6a1b86cd047868c0c0cd62de0d28e59793caefcbbc$yxrvayppqu
796,$c69c232a3ecb715b61acec566b9c286817d29bde41710aecd3e42a9f2b869c65$zcvnpaeeqo
797,$9c917a50fd47b41eb64d7c56c74d2255b865dd114e1988059a0ef93f552e4e1e$vnfhtntcin
798,$d9884d2d73175d34b4169df59db2e0af2ca4b79ac2fe0c4cfa34ddeee4aeb807$hndaziljoy
799,$3f5d22b90cacc54a854d3338edbb20f9a43b7ce4ad88de9e66675ead485bdefd$cotewqkdxx
800,$a36aadbd0fb9862c6a689eed659a79384e483e3aae84eeee0e0113fdbf34107c$uelltugrvz
801,$ed8ddbea6e4951b4ce03f0261d1b6a8c188901c1cded0c7f2119d399d6d1d345$mpypniuqsm
802,$0af34b6677739d41fdb52d3bbfcb519ba46a4cb9ea5be7e19a57b77a221da9e3$ytqvfezflv
803,$39275e105156134213f75dd606e9c359ddd5177b535dfda7eb232d8083b988d1$kbehplyvli
804,$b082aba30252bb84e157ee1e2dc25aacbc4bf03f9658154bb3484ab1be6553b1$bviqgpiiyr
805,$b69a305b9baf13e14b6749a34cd83b8fc470f8c77d07a1e812a09d30251cd2b1$ndyiawfnhl
806,$0aae519e940135363cc2eb7954f754c8242eb8395ca02ecd8157455f8b116542$fpyylmwsey
807,$dbf8f30b029b9e531c3e9b25c31e0ce0789d7db49fce69402c30c9ecd39a5383$ynxxbzaptx
808,$f615cb8556abb95c72c71b287d6111a2e5649d66637f8a6796a4a85c3164661c$xgdbzedipp
809,$35fc5684aa4bdbeb42648098e7f28f93ceb18e0c9413634c284a0bcf2c22d4cc$wdgnrotisf
810,$41fdff70a5c6dc37ebcc7ab42f5a5222a12fdb8fba32e11c9f5a25066dd557bb$xdvgfrkufg
811,$175ecbac3d16881031ac93ceb358c7883ff21c2dd52fb5ec987cd48db921bd78$hjxcymepsz
812,$84614742f123253699d88ba2ab5be364b73f9fb79404a1a614adac42046d4e7a$uxodofaixn
813,$2c2f9e8749a4597d75f27f8b0b3d484649f1c2db885ec6a9da8668c70b199eeb$kzbeecritt
814,$d79ca0001a8adc6648c0d49014b0132c2fe2a692f06d51a5e82ba1634a2be814$xioybnkiew
815,$a06dde8a250224c095bb6e2830876e54edfc11896d2cafc59726202670c00c3d$fyrppeaxey
816,$e62d7e5d9a441606139969f8ab7f0fa2bf97664545a4b836fa82dbfcc47a5069$aarwbmbskh
817,$88beaba780cb7535c5037d1b097e37757b89fd2c06fbec4511602d714137ce59$fjmypzcjay
818,$67115fd960edaedae80007093c8e04f825569ec46446c733cbdd56db394630e2$nfqxpbavjt
819,$597d4b6fdb349f7333239b523089347df3ef83edd4822f5fc99bdc01d5cd310a$euqlkamvkc
820,$10ab4588344f811dfbe2c44003a9f0e2b1618b3db6f4ac83714ad366b12634d3$kiugpixsvh
821,$033e2e7ed68d7a4676f53440ddb3892309ed56357bdc0a88610f0973a6952e2f$ajepdmcvoe
822,$75cd44117e2ef76889bad0d8a66083663cdf524c39aa8e10d4e4e68977ef05b1$tjkcgnastj
823,$934b272ceb11b422c2a7e399b46fb3da2007e24319baf7f010df9e7fa9244e9a$esnhxnacze
824,$8a3658853811ace135c95d64480f262a91796502afc4381f714754ff463710ee$okyqtuvlld
825,$4290cebb091485bac5d3907e7210bb5b93577e2a59af10dba8451a92b8c9163e$hkcrymrkxk
826,$13a27bdf8664c6eca451878af61634ed24ed2890480102c6e63f71a76e10d19f$satlyimorg
827,$d0afabdb7c8a570bc5d1f50f73b314697ded1d8e0a1081d320315c2652176832$yqewydifrr
828,$d5570fd4eb0b16944dc10256bbcb1ee93eabd1d6b05b1698f09bad5a90c3714e$eczpfnxmud
829,$eee0a134423764388208197b098ffa45e177d36c7264a84de57804468ccbd757$tosnimdgzw
830,$6f23a963b027ce1e0237968d45cd6b07b0c74fde8a43f021cbf1efad9d7ed3a9$bbhqnciksv
831,$89ff949845fa77ccd60c9ffd8123ca5e683b10b0ee0ee8287dd1ae775ddfdb37$ezyjabstpr
832,$7a4c876d5104f8d5f4a22dbfc0c4d1a623243250a471e63aa4291645dff5d255$nxqdwdkjba
833,$28f4ee4c83a43517a0916ebcd3f126ae46b4eb2537912ca62ade92221e6843cd$nqdjomnumu
834,$65336534c582357f41f0dfc8b96e7040e9eb31bb7e1d9729b1c11a0f4a8de4b2$nookathihc
835,$0f2ba9eb5789562b2dfafbce31547f056c4e0911528aad5a660605dde60ed834$citwpxbpjs
836,$0b75900d751dc7b9308b323bd7323b63e67c1dbfdc12a8d96b3133cc30cacd4d$asyijelbew
837,$7a18272462604fb945928676432f9440bb39ff6cd0b83ea179bece2eb30b3f1b$lregzzgflq
838,$68e5dab67f1255fd15cd72b8ac551fa34a72d5236b658627f44b1498b7aa2421$ayjbenbdvj
839,$6ebb89fdc3df8fdc9cdb5847beb165c28f2f39aa16d62d90ec477294eb0df943$jhfxfatjaj
840,$38e25c7068914e4c30240306a9bbcad3c431ec29dc04649359bc097df8943b18$zyctezyeio
841,$59c5a356ae5bf778fcd1ae1b01d6679927e33da0d0642f4449470afb5b476562$hvwswfprby
842,$704d8108994e317673f31d480376173c107acd4f149eb190dbcdf4af926d3ecf$svbgixdmab
843,$2deba76d92bf490c68d3e33e9904bfea71c00a8c3f8e2ea82511f088eb75f1e5$qoukxmcvig
844,$e793ef391bf65bf4b3fa5d861dfa5a49f7b6a1dcaefdb6b49a5e5f156b010e34$dsmdtwiwpg
845,$fbf5e2edee054f5b1e4e138281c496bbc0958735007a0f1f77c86cdd0f0e979e$jcfnmlknqm
846,$b87340e3f05dbf4cc599bb3a8429c9e755e52d899f6e9dc51b3cfe105421e76c$qngjqbtcgw
847,$36d71a170753b33bb0e8e5c1e347b1cf66de9d181d9a164b909d6cfddc7e598d$gurwalrtir
848,$2fd2087ba454ed0cfe86d0eb1e79f00d96700984ceb9ddb153d80f5baa9608ce$hnutuvywmn
849,$944b1004108031f43d3fc9bdfff8788e6f7aad59fd75ec33253af88967affa38$mtmrtxuogh
850,$77daa90b409167f1cb8205bbcd9c80ecb645cdb6f808ee67885b8813824ceabe$pnniumcash
851,$b9ef0dce9b2b11577fb498f033f2de0a330b32ba01f0e286c09bd364883792b9$bdhnjapuot
852,$aab7d05c40e521fadfb463a76aa2d1ef23b9b3aac68d23dc968f3ff4cf32801f$fyirnbntsc
853,$d593390514037cea858266494e622df244476f17c45aba04a30121c43abf3020$kgelotwpps
854,$8750a8585912020d7af2ddb61fc6a27bf37157f023ff453195a5822502044c5f$pvryxqetlb
855,$62502cc76c5f40c6d93427c992b9f86771d618f1800b1e03528b8c8a1120f3a2$ymqitutbts
856,$c0b525d201971d6c5058a3e3c52ad52e2e6483ce7cada605a5c9e9d4111948de$mqmzhvtgwy
857,$a10cb710b5ce4ee7d27ac70abf46de11c408f91d25c0cd648d6be7421e61f7ad$dzemtktwvl
858,$7aaeb19d1a0a29befb2ecc5f325d62edd050489612167bceac65059dce6c41ac$znabygjubw
859,$5b0cd65b3ac13900a89135fcf60157c56acefbdacfb4e848b21c9dcc21134b70$lueawumkpq
860,$b875fdb91a466b39f8e36250a70128cbbe66859dbabbc964af881fad54390784$isubrasjlx
861,$b81a15d2d8da9ffde8d4ac9f0ea3711b1e547a7e25b14f62d60722852b8c65c3$gmpynlqkqr
862,$74cca61024b4637bc0525014cff0c62e1cb64472c15def1b8630374f8d27deb8$bwgmitybfx
863,$5381f3c02275f6136c82c4753cfde55fe9305c7d6a4c148cf7868b880c14eec4$jwegdmxuqd
864,$9af7dc301d126b2801029b520350c321b07d69456ba4f0d7398a2181cf2a7963$vlhgfmdsbz
865,$9f37348a7b2f219f23cc817d1208350e5e19c317b0ff7f0ecc22150bcc518ad4$cxythhpytp
866,$bd271d3cb0015d3a4d5a28540d332cd2276b82999d93b209ccf321c4eb0f4669$yfvshgagyg
867,$1ecd1319d15cf05af5443f2a83951b6f27e2f71f2949270948d56c4c1db123f4$vapbdvxwfp
868,$7a18617fa707800b235d2368dd871ab93d99bc34d268080edc4275347b99c132$fougyenhum
869,$3cdc9adc974a75b732e5db4ebdeebe5c1b77b4804f6bd287b1ba19c91b6c2945$dnpeqxfjhy
870,$ee30e12313ef6858af0388014a89fb27361a03e194928c61020bfd1c2ec1f24e$osljcpjdkq
871,$67253f98a8eddc62eae62be3a9cadaaf9cfde6db3e16744bdaddd3f0a684c1c2$zhjbzvxjyn
872,$6465f54f80d5cda1030f74fee632d48425ba25a34d8afb3f2975366918943be6$hgwlsduonh
873,$125ea4a54de2cd0d127cd09e9429e280000bb77563a02f205ddac1175018bdc2$qhjwkwlvxu
874,$a89594f4701026583cb68fa04284f090cfc877a28189bcac2a18ffafbeb18cd1$qiiutghrrj
875,$30239a840b66552d7b836bccd9cd7c046a905c81cf35127f9d379326dbb37968$ozywnlfiub
876,$c3ab90cf0f62a5d57b6ac1de5c984e660cd704e2b91506b4f3ac6bc9e6ee1e34$jhsrrnwurl
877,$050c64a8832fff8a60e4b4f424b9c8976438a2662ef2ef6b56fe9bf1d7e0ee49$eyuxozcbze
878,$2b804a62af73a5a43d9b00bf1856e6a6518f8378f0efcd8eb86b16d5da486a15$nszgejzhau
879,$fea0dcc88b91778b6d3619545c8d466045ab59520fe57896867b3223cf38320d$hopjqguptr
880,$711f5561b257ffddd92e99633410376cdccbac37aa7bd2a9271219470883c616$yxycrkjpbp
881,$df78b53712b97d724ba22cefd2e386d8589b6a86f68eb55df050b7bbe53a4bac$lqvhcjillf
882,$c0f85c261a2a4b3f0dcb26a0c93f0a5459d33507152f33bde6456a882324fb92$lcuzdwowfk
883,$070427b2b15b799da7b88f10d1ab0664f51cdeb398113a227ad39bd743d509bd$hzlcnisuhv
884,$512daa7c629ab67a2545c7e89ea2374f83a2b4a999764c2b1d044514ddb5893b$nluqrizlpl
885,$b9f0b573b52a51568414673a838af3a6f3301fa01b5f4886339c4b14656204d8$wspgrusohi
886,$32e0fff893954ecdb6d642976512ea7935140b8ab9e6a2fec0ba4a285f1f9f03$rsifdixtew
887,$c90644986bb4887bbf10b34c3f8ed7ea2c13ca3f5619fab57952e47206130db5$vhayyvhvwd
888,$daf092baa31bc5e7d0618edad6a3809b921487fce354c5a2c229860a32f5d371$jdmrcuchub
889,$0f736b1e9db336a61d0ab4df939cf7316dd5acbe14d151189b7243e5c4a208a3$jpqptfzsyw
890,$76dbc9cf5e6e8355f059f978a0d83eb93592530ce67ce234c6d4a5ce8ad0bda1$kcswoksftl
891,$741f41d954cb1412aea6d1a31af9b780fe50f0538f4b2cc2a32629b956f86066$jlpxxjkcus
892,$797d602c0d719f4f1a8cfab7e2ef31bf945770e150f8a164cbbba5dedd45d913$hbuortgbvm
893,$fb3293e8a85702b92b876bd222f928610c7b1102dd4647d9a447624b031532a1$nustptinut
894,$d26378405069a1bac564bc943e375e2e3a96041b7e2daed7775e3c4c618e5c1b$kbezrggfho
895,$8f43d48f0d2a10274e0037a32ae6f4ba2fad6748fedcf3c4b898093c334898bd$ubxshojyor
896,$46c2af70d2c9cd856e84bf31a733145d3d70b908e6aad909c071750c0db563ed$ilkxdwcfkd
897,$f3141512246fc03add67063e6de0b1d94e57501c17fc6299b238756825eeb31e$kxjiatawgx
898,$afa79ee2bfb9df825149e998ce82958374efa7e91fa0dbdcd519b1b4b4264e02$yzkycqpxhx
899,$8eca6fb9172f60bfaf696d37c5b24ff7a70aa0684951166e9bd2402570508245$ahhctbgbaf
900,$9d08b65651aef9d4564aa665a1decc018136c9695dbcb4a634c697802b9b29ae$mybvmcvkti
901,$8debe4d52cc2790030dec6a6988e0995b50bc239bfdb4b82be5b49a43647be03$vpuqdxjjrn
902,$06902cea4487466cc517de729ec555d094da59e66bec31a27b29aab20abf0ded$drofzvwvcz
903,$6c74434020c14523af6fb3896c5374e737dcb7c95bdc77b785199a135e7c66d3$jodljmzhos
904,$18a71fc7e8e3b53014e05868af7c1d448e8b36eca3b0553a2a6cbd3435ec1f7b$mckbxhawyg
905,$e52766b7b1d811487232a82b48f7a37f35040039d78e1e0eaddeabed70ca411c$lutkzosbar
906,$89a908bbdf24b245e903a0d8f31363cd338cc74a525cf978d792e56b93e09f92$gdzfjiqrqp
907,$9a6b164c9b9d4aeadfc2ffc830956227b386213ed3552385173260eb3801ec8d$jqyxgwwwsn
908,$de5bdfc903df7a8e5f81c146c30f4c30b590a5d59d15c42f877aee714923056f$pxolvrdpyb
909,$06584f58eb154eb2bbd32e6fc029742510fc06700438905f37776ea49d3ff337$ngzfvdjywh
910,$3f862c1bb246968e671f533b0af18a58705a152d8fa6fe8a222765611df56067$fdlpgfukht
911,$cad024050ae64214510a6dd97d24b7ee3b124a99c0eddb1e57e25be60173ccf0$bvnpjgnbpx
912,$9af1f1b436146c3098e8aae5d1c229af63f7106b31868b9df992fdba436b67e0$jwdmhqbjys
913,$d1ecf7fca57efa6232a574dc6a2e237397493f38831437a5428b51705052851e$lgnqfuvkyq
914,$62f4a25cc0fc785fab93487016b0e124b92ea8cf89f09b82d8013c17e5ddd493$zxcsuwjtos
915,$7e9b4c8b23de7ab20956470c243266143e915959a050aa8a11641dd11b83d7f0$dnhvttbuqb
916,$aa56a00d708b9a09fc82420da0e7b5d742d274c5a9659809b52b081d984f89e3$sprirmffpf
917,$222cb7ac01ed8e36d3f9fac51c71591dae72492c408c92c02427df2decb311fb$ozhkfmxynk
918,$2bdcca3def82252977171d335d99ddb502c224e5f2b0720cfc2b023b09ecffd8$eixjplswmm
919,$aab0a9e6c1a2628f6d20fdb90c7450d9ac94628f105ac624a5d0d1963a999976$sxfddfknjv
920,$75b9d951ad042961da2619deb52f49e12fc5fdcf70c7e95608cbe9ca6d54e389$xjzoaozpnp
921,$736ea9c349fb0f67e1314127af35c9bb559142ed9c831d74bfe4b763b8b1be14$ssrtzrdrhz
922,$657f9e7975f005a16941c9bf090af6a0ed4e1a553d2ef56967eb1754d4f9d6d9$aebqgggblm
923,$0a38e91ea1d9db42b4527c0017842cc67023c3517d4469fe87ca2c07a1a0edc2$mizbviynua
924,$30f075530f12307ca197acd486018cdc0b171ab27215d8ec248451c35b0ba1a7$hiofxhbqix
925,$eb0da9fe5b21439ebc63598a75241f42a280d9af21ca73f4c8ff4cbd4f7b466c$qlaixciiya
926,$7fe4c963eeeb03dfcd6f84d7433965551c4f5c23cc09dfe310e2a38afbdbc371$fkubluqhlu
927,$f07f5832e0bf0a3b21432c328ac93bd23d34c513443a71959e3f128ed0fc22a3$gtbkcfemmo
928,$22f6118ef6485e423c717add0cf07608bedfb2999093bb1e7a21115d562c4634$kmytqzgpjk
929,$1cdceab302c57873c3de3d2135bacff578ba47aa439c3146c7b0f9f674da631a$aswrppuapg
930,$45ab3df825f06cf53d68f89e4ba9714d3183df8705628d94652aa8b395a20c72$ixnfcpwuej
931,$3414c4a53584637304d5ba18d4711257845d3c41719c7bd7ea1296f58e7b100e$ziiokhfckv
932,$a639fd4a60b98aa0f4a42be06a7b37c4ca9c16033773dca01437593237df2075$qeqsypgvbn
933,$06252df99bf5afda9f671c1518230182b72d219ae36a8ed79f79a4f0b636e082$tglihjhmlv
934,$3411bba437168d9797e8e419d67968a53a10075134a544c8e93609c5a322c879$lvzcdsjfsq
935,$898504e45d8082575249162126930343cba319c64e9b651d1765e18aa17f73f0$nytkifhtmx
936,$bf010097a05bfe00f5f1e4e478c137a204dc76a1a5225be30e3bba9040e9fa75$haahdirgkc
937,$fde5a7b8f29e8df51cc7268aebe219ad6abb12099e77fd1ed5651e27d94cf663$guvsmvyvxk
938,$c4ad5016a0e8c5170e192c726a2ed68965c4a9ee4772fed211ece7564e4a57be$hbmndfmtpy
939,$3057b615676db9a198c428a85d22aea4d068a10792c01bf8981ff65536f462ff$euguytmjjk
940,$87f3793c95851df3cb8c48881618d9dfca9c007e51a8c1d6b93cfe58dce4163d$lqhibwqcrt
941,$1a6c0f7de34a27abf9b28d8f9f6b4c4aeba97e68062b3a875678b7a0ac9f41eb$gtlfpqljxn
942,$64da281d39ca86a4ff61a083853ba4baa9682561d419d3e2669674a06d6d52e0$lascqmwkyv
943,$ca3c48f1d46756c992512a921a3f0a8fa1b68462317c09a228f906bd10095a69$eregbrsjfo
944,$426b8e46fa602619fdfa468425a3b5f48304509be87939cdbda1a4e517d28dcd$hofacedami
945,$956844b8482eb70d916cfb4c767d6d8955e5ee439d42a5b992d0c1ac19ea983c$qjsvhrbylq
946,$3fe649662ab82b780715cf57e20591f9b970b2965dc987cf32554c41aa2b7019$spijtvhahd
947,$e2c470e7cb8de02c559d64aaa2e4619a77277181b0e845e75dfdb3c61dcf6012$lokdadjtbr
948,$ac92f97ba2631e973177c1a1e26e905608347a2f01bb6b15040895986ee54e80$yuaqebxdby
949,$daf49a3060b49800fa1136e4679860c9f1eea020807bc89e21de27344bdb65f6$mqvcclpstc
950,$9aaa668ee2a56d2f6c0186bba703ca277c312d1ea2fde4387169f7ad25b1038b$hhfsxpxpkj
951,$c527bb58ecd1f1221fde32a9c9763cae3b7a56757f46682a2137cf06805e5efb$xdrxcdbmmj
952,$639086671b31c681837fe503c4ddf06120b41c573dffdb809257c16e6cada9a2$yvzbqgusrm
953,$f153d40cf84d0cc75cd5b1d6a801c0420d5a959abc08cd5c94744ad87672b206$rqukahqztn
954,$bfd83744d9126ccb51192a6156670d743f3676b31026bd1781a93fc6fc133f07$eggccsdrrr
955,$55cfe14b88f13df8fb7afbc476783df01970a991bf3263ed699c51c7d72964db$tcdumlsaab
956,$88683508f7bb65e6894cef4f9a86422becff75bd9752acffdfaa9ce097828d4f$vejvhamdgh
957,$d59e5921f116ec977191f46009da8c5fcbf77b8d60959f06bddd7ae6bed3f68a$smqywmjgab
958,$ca8735e5f8e0b0d7d80c6029706468b884d83bd13b34fe19351769f3b14c24eb$twwozalnus
959,$a32d32511efeeec63e8d262e351e92188c683df31a2cf38128470d9e3131b9a1$gjeaypesrh
960,$5b1cbf37729d0b7f26ffb7d74d22bf6b0907ed77c010268de8535427dbb8b308$ibitifxzlp
961,$c6790a5229c32964538cd7089b4d49cf3c47b7dad454aa11c23ac8fff70eea6e$xonyxmylfa
962,$5abbe780303e64457627dfcf292997e9d405d6f71306704e6766f164e1f165d0$tlhlhzwqqe
963,$e4a72b7d7a2e15d4349690cb19f4ff6ee3205c9a754cfd8c68a796cb60e1b48d$ynlugoqevq
964,$bac43865a5e10840c2098a817e751b70fb1c87e42abd048b66236f4c5ed2b856$xrabwettef
965,$f2adf93540569d6f3abd808753180f61aca1bf4ab8f2e975c5279d3a96dba79f$geakmetysm
966,$c9e42bc9e2cafbfdac89b54b1700a41e5406dd083b63f70d9e59b578d6a4b583$skfrrvbyry
967,$d3907c1027481ed26a81786fb397ce7bca0c609ab4eb2a7e1fcb98bc2618a21e$dojpjfpoam
968,$64d535e88c83aeafa804dd888bf04c74d30f79500893f43b0f07aef13a69244e$rjdpjspmyt
969,$878629a1fd643732c9034808e71466a192150a47dfc447c7f4d6032dee640942$cibtjypkiq
970,$3fdd0ff41fca84cf348e0c6e49d623e4193cd6747cc17be74867ec7e9779892f$gzsdjbqjyi
971,$24c6d11c181614b6df0bb03d579f3a9f0617282358842b8ff1c2dfab2392a99e$jndfupmpwb
972,$7b58902134ccf6d34f3f5a3d410051a7abe6cf67e6525bdcd8d47823e98a915f$uqymkgiuwq
973,$15efdb25818dab6941fc75fde489fcfa083553ef08670ba590a3a5ca4916e318$dyazouilwq
974,$1c8b1d817084a5dbc4ddf253a3c7dda0e25535c2e14a2ca0c916978d8ea65d70$dnlrkzqbso
975,$9f77819682866532e3ecead68f521f3d389c06398a578c0c775f923b187d614b$fghqwtahpy
976,$1f78f2b5610864ff02b7268670fc4348d90a1a541e4059ebffef3781e3e0a039$nvoysqlbwa
977,$92bea5d0d9f27f0958457b91267c6d6d477a5a6e88e1fa68ba91f835fa1b909d$yyfxkksgrg
978,$e2b7bf4324b714e5934df4c55a40f199740f9cc3ff6999acec39c759fafc9d4c$pdynvfloqr
979,$ed9fd12c33d25c98f58b006d7e3fa2bdd5a4fefa4def715f828a1bae32a4499f$zhvwzaclkx
980,$7a851374b1354b972e5c666745d44c2dcc008e1887a803c5a3594ebdf76f77b7$jkieqvvcds
981,$e2a513b813a3e7c3be82a1d9a1c9b08cda13e5832e15d5986956ed4016c3d325$kapzivvuhh
982,$16be2acc1f16b1bff0ea0efef5666b088fcd352729d88c5b7be6090e509979e7$dwfxtnenuq
983,$2bfb6395498a065124ed6fd6048bffac7eaab2c721c1e81d5a4c889cd0e45019$tmpskxreur
984,$9c5532f1dae1d7c2968707779923c27020cb3489ea3e080cc6d434eb931364e0$slyddyueur
985,$054e442a3c1cd473ef6bbd2c634ca332dcec06b1a598a1dbf34dc874bbd38459$swxwnuuwzh
986,$059d92f70fdca2695217f4ae4a877fa766819950e762da2c3b4989f484c366e2$bukpzklmbp
987,$3ec157754c977392a3a07a76c659c52904a080f72c732901f90200975f8c0fd7$lpibmekvhk
988,$31763990e81892bc1b7a415e4b9643aeed5abc6b7491b4bd1cc42e15004314dd$wlswqjceos
989,$f10c0c565bf70e3f24e2e105dd7840b6d84e072f0e717d824ce546df26ac8a7c$bfexisadjg
990,$d099b2c6239a60a473dcc2ef404bdf834af1d046e9457e4d70552bcc43d6265b$qrjfssmcfg
991,$d150e1a20459a7362634ba8020646e54aecf77f016a05ee70a97a4208d52abfe$eynlbfcurv
992,$25752aa6673f3c4d27263260258bfef60862ad92e608e3684d7788a5f803220d$mneatyazpq
993,$12a79c57fecd2d3956b3c792c8dc2fd8ddcba50a63e299f2b37ef405d9c21073$qqrhppthaj
994,$29498ca9553f937ce1e0322c51edb5d63d4d797ea3d0a61c0c35c6bb3ca7816d$mqgqiumpmq
995,$1692fd32345669f2a3e35137b5dd854b22c76fb96e7c50ae2f1d9fcd7fc2378d$vpqhkwirtv
996,$e9e2e53c12958c04e4205a12d563b123833646874edad915a89e536ccba6f7bc$cpwfpvprsd
997,$75aa4b8df087707b29dd683645da010a740ec54adaae39b248065b821b1ca4f4$yqsvrecigi
998,$8b0f9e712756bc23a8d1133377d6ecda56a1740760b223a0883aa6fefb64948f$svinscmrjj
999,$ed88a290a3af871da207540ce458ce50d23f2c068c0d42d323eb6c17aac80c83$eymarkfnki
